{
  "results": [
    {
      "command": "./bin/yuku files/antd.js",
      "mean": 0.062372544877446805,
      "stddev": 0.0015097397710274432,
      "median": 0.06194670992,
      "user": 0.0472654544680851,
      "system": 0.01506841319148936,
      "min": 0.06147751892000001,
      "max": 0.06953604092,
      "times": [
        0.06193851492,
        0.062030655920000004,
        0.06195793092000001,
        0.06215731192000001,
        0.06222461792000001,
        0.062498014920000004,
        0.06179903592,
        0.06503251792,
        0.06320932792,
        0.06284061192,
        0.06953604092,
        0.06276545291999999,
        0.06194670992,
        0.06832212392,
        0.06210735892,
        0.06199369792,
        0.06174051692,
        0.06184534292000001,
        0.061879234920000005,
        0.061614852920000004,
        0.06188567692,
        0.06189603592,
        0.06170866792000001,
        0.06188106892000001,
        0.06174953392,
        0.06188873192,
        0.06199925792,
        0.06179816392,
        0.061612388920000004,
        0.06160553692,
        0.06225781792000001,
        0.06180583892000001,
        0.06147751892000001,
        0.06187811292,
        0.062022901920000005,
        0.06197692692,
        0.06186372592000001,
        0.06200190292000001,
        0.06192348692,
        0.06162954092,
        0.06182683792,
        0.061873143920000005,
        0.06212864792000001,
        0.06281917192,
        0.06239572492,
        0.06198787692000001,
        0.06217549592000001
      ],
      "memory_usage_byte": [
        31469568,
        31469568,
        31469568,
        31469568,
        31469568,
        31469568,
        31469568,
        31469568,
        31469568,
        31469568,
        31469568,
        31469568,
        31469568,
        31469568,
        31469568,
        31469568,
        31469568,
        31469568,
        31469568,
        31469568,
        31469568,
        31469568,
        31469568,
        31469568,
        31469568,
        31469568,
        31469568,
        31469568,
        31469568,
        31469568,
        31469568,
        31469568,
        31469568,
        31469568,
        31469568,
        31469568,
        31469568,
        31469568,
        31469568,
        31469568,
        31469568,
        31469568,
        31469568,
        31469568,
        31469568,
        31469568,
        31469568
      ],
      "exit_codes": [
        0,
        0,
        0,
        0,
        0,
        0,
        0,
        0,
        0,
        0,
        0,
        0,
        0,
        0,
        0,
        0,
        0,
        0,
        0,
        0,
        0,
        0,
        0,
        0,
        0,
        0,
        0,
        0,
        0,
        0,
        0,
        0,
        0,
        0,
        0,
        0,
        0,
        0,
        0,
        0,
        0,
        0,
        0,
        0,
        0,
        0,
        0
      ]
    },
    {
      "command": "./bin/oxc files/antd.js",
      "mean": 0.06292068702638298,
      "stddev": 0.00037564468391861045,
      "median": 0.06288591392,
      "user": 0.042105560851063824,
      "system": 0.02076477489361702,
      "min": 0.06213895592000001,
      "max": 0.06385714992,
      "times": [
        0.06313885492,
        0.06314951392,
        0.06316330892,
        0.06385714992,
        0.06267241692,
        0.06271937492,
        0.06279478392,
        0.06287992392,
        0.06213895592000001,
        0.06255844492,
        0.06321334192,
        0.06341175092,
        0.06271792192,
        0.06223867092000001,
        0.06314381392,
        0.06324379992,
        0.06256537792,
        0.06236633792000001,
        0.06316562392,
        0.06258119792,
        0.06241396692,
        0.06263706092,
        0.06297948792,
        0.06309269792,
        0.06319372592,
        0.06308804992,
        0.06284464792,
        0.06275770492,
        0.06269037092,
        0.06262521892,
        0.06303486092,
        0.06331203892,
        0.06305578992,
        0.06264102892,
        0.06371801092,
        0.06293471492,
        0.06337379091999999,
        0.06310392892,
        0.06319532892,
        0.06326326591999999,
        0.06359696592,
        0.06288591392,
        0.06276299592,
        0.06238016392,
        0.06258881192,
        0.06256849392,
        0.06281268792
      ],
      "memory_usage_byte": [
        43065344,
        43065344,
        43065344,
        43065344,
        43065344,
        43065344,
        43065344,
        43065344,
        43065344,
        43065344,
        43065344,
        43065344,
        43065344,
        43065344,
        43065344,
        43065344,
        43065344,
        43065344,
        43065344,
        43065344,
        43065344,
        43065344,
        43065344,
        43065344,
        43065344,
        43065344,
        43065344,
        43065344,
        43065344,
        43065344,
        43065344,
        43065344,
        43065344,
        43065344,
        43065344,
        43065344,
        43065344,
        43065344,
        43065344,
        43065344,
        43065344,
        43065344,
        43065344,
        43065344,
        43065344,
        43065344,
        43065344
      ],
      "exit_codes": [
        0,
        0,
        0,
        0,
        0,
        0,
        0,
        0,
        0,
        0,
        0,
        0,
        0,
        0,
        0,
        0,
        0,
        0,
        0,
        0,
        0,
        0,
        0,
        0,
        0,
        0,
        0,
        0,
        0,
        0,
        0,
        0,
        0,
        0,
        0,
        0,
        0,
        0,
        0,
        0,
        0,
        0,
        0,
        0,
        0,
        0,
        0
      ]
    },
    {
      "command": "./bin/swc files/antd.js",
      "mean": 0.12260364129500002,
      "stddev": 0.000758746682875856,
      "median": 0.12260663342,
      "user": 0.09042104666666666,
      "system": 0.03211944333333333,
      "min": 0.12086728492,
      "max": 0.12407121092000001,
      "times": [
        0.12086728492,
        0.12362326892,
        0.12309996592,
        0.12175235992,
        0.12232791992,
        0.12192335792,
        0.12329832392000001,
        0.12407121092000001,
        0.12278463892000001,
        0.12299096292,
        0.12274733892,
        0.12226115592,
        0.12195288292,
        0.12218948192,
        0.12269337992,
        0.12336900592,
        0.12201543792,
        0.12392924692,
        0.12273358392,
        0.12251988692,
        0.12184963092000001,
        0.12237388492000001,
        0.12318022492,
        0.12193295492
      ],
      "memory_usage_byte": [
        70684672,
        70684672,
        70684672,
        70684672,
        70684672,
        70684672,
        70684672,
        70684672,
        70684672,
        70684672,
        70684672,
        70684672,
        70684672,
        70684672,
        70684672,
        70684672,
        70684672,
        70684672,
        70684672,
        70684672,
        70684672,
        70684672,
        70684672,
        70684672
      ],
      "exit_codes": [
        0,
        0,
        0,
        0,
        0,
        0,
        0,
        0,
        0,
        0,
        0,
        0,
        0,
        0,
        0,
        0,
        0,
        0,
        0,
        0,
        0,
        0,
        0,
        0
      ]
    }
  ]
}
