{
  "results": [
    {
      "command": "./bin/yuku files/antd.js",
      "mean": 0.06506203906000001,
      "stddev": 0.0003606287633193268,
      "median": 0.06502527406000001,
      "user": 0.04925164222222221,
      "system": 0.015755331111111107,
      "min": 0.06455058006,
      "max": 0.06603201606,
      "times": [
        0.06455058006,
        0.06482831706,
        0.06462466906,
        0.06508867206,
        0.06484747306000001,
        0.06483353706,
        0.06485330406,
        0.06582451206,
        0.06571916506,
        0.06603201606,
        0.06599840406,
        0.06503756606000001,
        0.06507382406000001,
        0.06474059406,
        0.06487578606000001,
        0.06463375506,
        0.06467527306000001,
        0.06534433806,
        0.06510037306000001,
        0.06485938506000001,
        0.06522816206000001,
        0.06499835406000001,
        0.06518526206000001,
        0.06539912806,
        0.06551941406,
        0.06540656306,
        0.06512787406000001,
        0.06485631906,
        0.06492792306,
        0.06470427706000001,
        0.06477529906000001,
        0.06464620806,
        0.06461546106,
        0.06477679206,
        0.06522062706000001,
        0.06507126906,
        0.06518975006000001,
        0.06508731906000001,
        0.06538921906,
        0.06519898706,
        0.06491431706,
        0.06536577706,
        0.06502527406000001,
        0.06470928506000001,
        0.06491135206000001
      ],
      "memory_usage_byte": [
        32112640,
        32112640,
        32112640,
        32112640,
        32112640,
        32112640,
        32112640,
        32112640,
        32112640,
        32112640,
        32112640,
        32112640,
        32112640,
        32112640,
        32112640,
        32112640,
        32112640,
        32112640,
        32112640,
        32112640,
        32112640,
        32112640,
        32112640,
        32112640,
        32112640,
        32112640,
        32112640,
        32112640,
        32112640,
        32112640,
        32112640,
        32112640,
        32112640,
        32112640,
        32112640,
        32112640,
        32112640,
        32112640,
        32112640,
        32112640,
        32112640,
        32112640,
        32112640,
        32112640,
        32112640
      ],
      "exit_codes": [
        0,
        0,
        0,
        0,
        0,
        0,
        0,
        0,
        0,
        0,
        0,
        0,
        0,
        0,
        0,
        0,
        0,
        0,
        0,
        0,
        0,
        0,
        0,
        0,
        0,
        0,
        0,
        0,
        0,
        0,
        0,
        0,
        0,
        0,
        0,
        0,
        0,
        0,
        0,
        0,
        0,
        0,
        0,
        0,
        0
      ]
    },
    {
      "command": "./bin/oxc files/antd.js",
      "mean": 0.06333265259191491,
      "stddev": 0.00043587924852162366,
      "median": 0.06318182906,
      "user": 0.041651581702127675,
      "system": 0.02162055617021276,
      "min": 0.06278851706000001,
      "max": 0.06490298006,
      "times": [
        0.06286994806,
        0.06278851706000001,
        0.06338023806000001,
        0.06306314706,
        0.06361806006000001,
        0.06365340606,
        0.06318182906,
        0.06318583606,
        0.06295722006000001,
        0.06341782806,
        0.06328239706000001,
        0.06308817406,
        0.06302255206,
        0.06308847506000001,
        0.06436477906,
        0.06323548806000001,
        0.06405503306,
        0.06325916206000001,
        0.06490298006,
        0.06309636006000001,
        0.06355163606000001,
        0.06403087806,
        0.06313352906000001,
        0.06370283806,
        0.06377198506000001,
        0.06313651506000001,
        0.06328005206000001,
        0.06384700606,
        0.06361912206,
        0.06315677206,
        0.06291296006000001,
        0.06316245106000001,
        0.06388493806000001,
        0.06397138706000001,
        0.06345724106,
        0.06300673306,
        0.06311094706,
        0.06298427106000001,
        0.06320250706000001,
        0.06303606706,
        0.06294849406000001,
        0.06312516306,
        0.06316688106000001,
        0.06278974906000001,
        0.06294410606,
        0.06299615306,
        0.06319285906000001
      ],
      "memory_usage_byte": [
        43065344,
        43065344,
        43065344,
        43065344,
        43065344,
        43065344,
        43065344,
        43065344,
        43065344,
        43065344,
        43065344,
        43065344,
        43065344,
        43065344,
        43065344,
        43065344,
        43065344,
        43065344,
        43065344,
        43065344,
        43065344,
        43065344,
        43065344,
        43065344,
        43065344,
        43065344,
        43065344,
        43065344,
        43065344,
        43065344,
        43065344,
        43065344,
        43065344,
        43065344,
        43065344,
        43065344,
        43065344,
        43065344,
        43065344,
        43065344,
        43065344,
        43065344,
        43065344,
        43065344,
        43065344,
        43065344,
        43065344
      ],
      "exit_codes": [
        0,
        0,
        0,
        0,
        0,
        0,
        0,
        0,
        0,
        0,
        0,
        0,
        0,
        0,
        0,
        0,
        0,
        0,
        0,
        0,
        0,
        0,
        0,
        0,
        0,
        0,
        0,
        0,
        0,
        0,
        0,
        0,
        0,
        0,
        0,
        0,
        0,
        0,
        0,
        0,
        0,
        0,
        0,
        0,
        0,
        0,
        0
      ]
    },
    {
      "command": "./bin/swc files/antd.js",
      "mean": 0.12395711497666667,
      "stddev": 0.0005019028484879728,
      "median": 0.12401023856000001,
      "user": 0.08946080333333334,
      "system": 0.03442041166666667,
      "min": 0.12290840906000002,
      "max": 0.12478189506000001,
      "times": [
        0.12382681706000001,
        0.12390491106000001,
        0.12471090206000002,
        0.12444329506000001,
        0.12446276106000001,
        0.12416034806000001,
        0.12413259606000002,
        0.12414745406000001,
        0.12429990706,
        0.12343466706000002,
        0.12290840906000002,
        0.12405413006000002,
        0.12478189506000001,
        0.12441034306000001,
        0.12349516006000001,
        0.12320084206000001,
        0.12349651206000001,
        0.12393269406000001,
        0.12467086806000002,
        0.12401295306000001,
        0.12400752406000001,
        0.12360652706000001,
        0.12329654906000001,
        0.12357269406000002
      ],
      "memory_usage_byte": [
        70656000,
        70656000,
        70656000,
        70656000,
        70656000,
        70656000,
        70656000,
        70656000,
        70656000,
        70656000,
        70656000,
        70656000,
        70656000,
        70656000,
        70656000,
        70656000,
        70656000,
        70656000,
        70664192,
        70664192,
        70664192,
        70664192,
        70664192,
        70664192
      ],
      "exit_codes": [
        0,
        0,
        0,
        0,
        0,
        0,
        0,
        0,
        0,
        0,
        0,
        0,
        0,
        0,
        0,
        0,
        0,
        0,
        0,
        0,
        0,
        0,
        0,
        0
      ]
    }
  ]
}
