{
  "results": [
    {
      "command": "./bin/yuku files/antd.js",
      "mean": 0.06378250143739131,
      "stddev": 0.00024700506046313337,
      "median": 0.06377237072,
      "user": 0.04670521913043478,
      "system": 0.017028648695652175,
      "min": 0.06333306322,
      "max": 0.06450207222,
      "times": [
        0.06350546322,
        0.06364558522,
        0.06360893722,
        0.06399097222,
        0.06383084322,
        0.06363383422,
        0.06378013722,
        0.06371536722,
        0.06410596722,
        0.06431727322,
        0.06396015222,
        0.06403424522,
        0.06386750422,
        0.06374432322,
        0.06391122522,
        0.06377900822,
        0.06450207222,
        0.06436813122,
        0.06399643522,
        0.06391756822,
        0.06370340622,
        0.06382911222,
        0.06359276022,
        0.06350939322,
        0.06376573322,
        0.06378022022,
        0.06347159322,
        0.06347193322,
        0.06360603422,
        0.06378602222,
        0.06375986122,
        0.06395438622,
        0.06416022922,
        0.06369794622,
        0.06378734422,
        0.06370387822,
        0.06366600722,
        0.06349060822,
        0.06346169422,
        0.06394046022,
        0.06381581722,
        0.06333306322,
        0.06363017022,
        0.06361314822,
        0.06346529122,
        0.06378390722
      ],
      "memory_usage_byte": [
        31113216,
        31113216,
        31113216,
        31113216,
        31113216,
        31113216,
        31113216,
        31113216,
        31113216,
        31113216,
        31113216,
        31113216,
        31113216,
        31113216,
        31113216,
        31113216,
        31113216,
        31113216,
        31113216,
        31113216,
        31113216,
        31113216,
        31113216,
        31113216,
        31113216,
        31113216,
        31113216,
        31113216,
        31113216,
        31113216,
        31113216,
        31113216,
        31113216,
        31113216,
        31113216,
        31113216,
        31113216,
        31113216,
        31113216,
        31113216,
        31113216,
        31113216,
        31113216,
        31113216,
        31113216,
        31113216
      ],
      "exit_codes": [
        0,
        0,
        0,
        0,
        0,
        0,
        0,
        0,
        0,
        0,
        0,
        0,
        0,
        0,
        0,
        0,
        0,
        0,
        0,
        0,
        0,
        0,
        0,
        0,
        0,
        0,
        0,
        0,
        0,
        0,
        0,
        0,
        0,
        0,
        0,
        0,
        0,
        0,
        0,
        0,
        0,
        0,
        0,
        0,
        0,
        0
      ]
    },
    {
      "command": "./bin/oxc files/antd.js",
      "mean": 0.06412576074173913,
      "stddev": 0.0003714729607632435,
      "median": 0.06405829722,
      "user": 0.0419248495652174,
      "system": 0.022150170434782613,
      "min": 0.06352965922,
      "max": 0.06532863722,
      "times": [
        0.06364707622,
        0.06429690622,
        0.06402101922,
        0.06471972822,
        0.06409460722,
        0.06398540622,
        0.06376757522,
        0.06443839822,
        0.06397356122,
        0.06406223722,
        0.06442406422,
        0.06391318822,
        0.06373627622,
        0.06397108522,
        0.06397144622,
        0.06479681222,
        0.06438178422,
        0.06467842122,
        0.06412801022,
        0.06430455022,
        0.06494807522,
        0.06410901422,
        0.06403204022,
        0.06461839722,
        0.06360832322,
        0.06355505722,
        0.06374402422,
        0.06423511222,
        0.06399330822,
        0.06352965922,
        0.06365058522,
        0.06372820222,
        0.06406124022,
        0.06419207822,
        0.06532863722,
        0.06396473022,
        0.06427299622,
        0.06401657122,
        0.06434326322,
        0.06424270422,
        0.06397191722,
        0.06405535422,
        0.06416040022,
        0.06387754122,
        0.06422469122,
        0.06400891722
      ],
      "memory_usage_byte": [
        43065344,
        43065344,
        43065344,
        43065344,
        43065344,
        43065344,
        43065344,
        43065344,
        43065344,
        43065344,
        43065344,
        43065344,
        43065344,
        43065344,
        43065344,
        43065344,
        43065344,
        43065344,
        43065344,
        43065344,
        43065344,
        43065344,
        43065344,
        43065344,
        43065344,
        43065344,
        43065344,
        43065344,
        43065344,
        43065344,
        43065344,
        43065344,
        43065344,
        43065344,
        43065344,
        43065344,
        43065344,
        43065344,
        43065344,
        43065344,
        43065344,
        43065344,
        43065344,
        43065344,
        43065344,
        43065344
      ],
      "exit_codes": [
        0,
        0,
        0,
        0,
        0,
        0,
        0,
        0,
        0,
        0,
        0,
        0,
        0,
        0,
        0,
        0,
        0,
        0,
        0,
        0,
        0,
        0,
        0,
        0,
        0,
        0,
        0,
        0,
        0,
        0,
        0,
        0,
        0,
        0,
        0,
        0,
        0,
        0,
        0,
        0,
        0,
        0,
        0,
        0,
        0,
        0
      ]
    },
    {
      "command": "./bin/swc files/antd.js",
      "mean": 0.12784379543739133,
      "stddev": 0.001406722798156605,
      "median": 0.12778075122000002,
      "user": 0.09379224086956522,
      "system": 0.03397569217391303,
      "min": 0.12525946022,
      "max": 0.13206147422000003,
      "times": [
        0.12778075122000002,
        0.12696718722000003,
        0.12762684222,
        0.12683349722,
        0.12769166422000003,
        0.12675308722,
        0.12770452722000003,
        0.12679611722,
        0.12631455522,
        0.12525946022,
        0.12699268522,
        0.12594483322000002,
        0.12782474322,
        0.12905175922,
        0.12888110022000002,
        0.12917972922,
        0.12931138622000002,
        0.12821563422,
        0.12801695322,
        0.12904530722000002,
        0.12794707122,
        0.12820692922000002,
        0.13206147422000003
      ],
      "memory_usage_byte": [
        70660096,
        70660096,
        70660096,
        70660096,
        70660096,
        70660096,
        70660096,
        70660096,
        70660096,
        70660096,
        70660096,
        70660096,
        70660096,
        70660096,
        70660096,
        70660096,
        70660096,
        70660096,
        70660096,
        70660096,
        70660096,
        70660096,
        70660096
      ],
      "exit_codes": [
        0,
        0,
        0,
        0,
        0,
        0,
        0,
        0,
        0,
        0,
        0,
        0,
        0,
        0,
        0,
        0,
        0,
        0,
        0,
        0,
        0,
        0,
        0
      ]
    }
  ]
}
