{
  "results": [
    {
      "command": "./bin/yuku files/antd.js",
      "mean": 0.05473260396814815,
      "stddev": 0.00044145725767338526,
      "median": 0.05467586682,
      "user": 0.043645084444444454,
      "system": 0.010974376296296296,
      "min": 0.05402506182,
      "max": 0.05637651782,
      "times": [
        0.05448356782,
        0.05460193682,
        0.05468458282,
        0.05436911382,
        0.05472122682,
        0.05467917082,
        0.05485156882,
        0.05477191782,
        0.05475962982,
        0.054559457820000004,
        0.05487690982,
        0.05473981682,
        0.05458469382,
        0.05478026682,
        0.05495210982,
        0.05467256282,
        0.05470809382,
        0.05462988382,
        0.05464573682,
        0.05454441982,
        0.05489285982,
        0.05549160082,
        0.055153176820000004,
        0.05468795082,
        0.05469488282,
        0.05475910482,
        0.05604634182,
        0.05637651782,
        0.056209784820000004,
        0.05448528382,
        0.05471664382,
        0.05464568582,
        0.05493458882,
        0.05514228482,
        0.054780468820000004,
        0.05449867782,
        0.05471924982,
        0.05456472082,
        0.05466221082,
        0.05460635782,
        0.054443369820000004,
        0.05434117382,
        0.05452665382,
        0.054376914820000004,
        0.05495043382,
        0.05462122382,
        0.05431493582,
        0.05437461382,
        0.054727302820000004,
        0.054484842820000004,
        0.05440328482,
        0.05402506182,
        0.05418564782,
        0.05410009382
      ],
      "memory_usage_byte": [
        31109120,
        31109120,
        31109120,
        31109120,
        31109120,
        31109120,
        31109120,
        31109120,
        31109120,
        31109120,
        31109120,
        31109120,
        31109120,
        31109120,
        31109120,
        31109120,
        31109120,
        31109120,
        31109120,
        31109120,
        31109120,
        31109120,
        31109120,
        31109120,
        31109120,
        31109120,
        31109120,
        31109120,
        31109120,
        31109120,
        31109120,
        31109120,
        31109120,
        31109120,
        31109120,
        31109120,
        31109120,
        31109120,
        31109120,
        31109120,
        31109120,
        31109120,
        31109120,
        31109120,
        31109120,
        31109120,
        31109120,
        31109120,
        31109120,
        31109120,
        31109120,
        31109120,
        31109120,
        31109120
      ],
      "exit_codes": [
        0,
        0,
        0,
        0,
        0,
        0,
        0,
        0,
        0,
        0,
        0,
        0,
        0,
        0,
        0,
        0,
        0,
        0,
        0,
        0,
        0,
        0,
        0,
        0,
        0,
        0,
        0,
        0,
        0,
        0,
        0,
        0,
        0,
        0,
        0,
        0,
        0,
        0,
        0,
        0,
        0,
        0,
        0,
        0,
        0,
        0,
        0,
        0,
        0,
        0,
        0,
        0,
        0,
        0
      ]
    },
    {
      "command": "./bin/oxc files/antd.js",
      "mean": 0.055189141764444435,
      "stddev": 0.0003779716341032683,
      "median": 0.055124017819999996,
      "user": 0.040202232592592584,
      "system": 0.01488808,
      "min": 0.05459014282,
      "max": 0.05624789082,
      "times": [
        0.05459825182,
        0.05518975782,
        0.05500669182,
        0.05482726182,
        0.05557837882,
        0.05503211482,
        0.05526543182,
        0.05488114182,
        0.05493451282,
        0.05486894282,
        0.05503081582,
        0.05462896082,
        0.05459014282,
        0.05460331182,
        0.05483089882,
        0.054962459820000004,
        0.05541279482,
        0.055108947820000004,
        0.05481509282,
        0.055397587820000004,
        0.05488398382,
        0.05508858282,
        0.05512443182,
        0.05487992682,
        0.05517353782,
        0.05487175682,
        0.05531218982,
        0.05507956982,
        0.05483278382,
        0.05475533882,
        0.05518131782,
        0.05492137982,
        0.05508325782,
        0.05586403582,
        0.05614735882,
        0.05496820382,
        0.05512360382,
        0.05533441082,
        0.055267999820000004,
        0.05568516882,
        0.05584122682,
        0.05541774482,
        0.05624789082,
        0.05518325582,
        0.05543387282,
        0.05573276382,
        0.05585572182,
        0.05532851982,
        0.055392103820000003,
        0.05503854182,
        0.05534092882,
        0.05561246482,
        0.05527513882,
        0.055371141820000004
      ],
      "memory_usage_byte": [
        43196416,
        43196416,
        43196416,
        43196416,
        43196416,
        43196416,
        43196416,
        43196416,
        43196416,
        43196416,
        43196416,
        43196416,
        43196416,
        43196416,
        43196416,
        43196416,
        43196416,
        43196416,
        43196416,
        43196416,
        43196416,
        43196416,
        43196416,
        43196416,
        43196416,
        43196416,
        43196416,
        43196416,
        43196416,
        43196416,
        43196416,
        43196416,
        43196416,
        43196416,
        43196416,
        43196416,
        43196416,
        43196416,
        43196416,
        43196416,
        43196416,
        43196416,
        43196416,
        43196416,
        43196416,
        43196416,
        43196416,
        43196416,
        43196416,
        43196416,
        43196416,
        43196416,
        43196416,
        43196416
      ],
      "exit_codes": [
        0,
        0,
        0,
        0,
        0,
        0,
        0,
        0,
        0,
        0,
        0,
        0,
        0,
        0,
        0,
        0,
        0,
        0,
        0,
        0,
        0,
        0,
        0,
        0,
        0,
        0,
        0,
        0,
        0,
        0,
        0,
        0,
        0,
        0,
        0,
        0,
        0,
        0,
        0,
        0,
        0,
        0,
        0,
        0,
        0,
        0,
        0,
        0,
        0,
        0,
        0,
        0,
        0,
        0
      ]
    },
    {
      "command": "./bin/swc files/antd.js",
      "mean": 0.10675773692714287,
      "stddev": 0.0005397227974820731,
      "median": 0.10664778282000001,
      "user": 0.0823735685714286,
      "system": 0.02425775857142858,
      "min": 0.10585922082000002,
      "max": 0.10784700982,
      "times": [
        0.10661907282000001,
        0.10685866882000002,
        0.10725122082,
        0.10655128082000001,
        0.10622859782,
        0.10595616582000002,
        0.10597540482000001,
        0.10654354382000002,
        0.10585922082000002,
        0.10721974382,
        0.10747902582,
        0.10656975782000001,
        0.10729405582000001,
        0.10712915682000002,
        0.10667649282000001,
        0.10616129782000001,
        0.10619355682,
        0.10628226182000002,
        0.10732227082000001,
        0.10784700982,
        0.10658422582000002,
        0.10711295782000001,
        0.10743872782000001,
        0.10727154882,
        0.10733781082,
        0.10671140682000001,
        0.10624156782000001,
        0.10650058182000001
      ],