{
  "results": [
    {
      "command": "./bin/yuku files/antd.js",
      "mean": 0.05475377260592592,
      "stddev": 0.0003503488307492304,
      "median": 0.05469038468,
      "user": 0.04397340518518517,
      "system": 0.010702323703703706,
      "min": 0.05438646468,
      "max": 0.05667383268,
      "times": [
        0.054781910680000004,
        0.05462556268,
        0.05464457268,
        0.054684410680000003,
        0.05474861568,
        0.05460578368,
        0.05477460668,
        0.054652283680000004,
        0.05472264968,
        0.05447974068,
        0.05466449568,
        0.05442351968,
        0.05467335768,
        0.05450155268,
        0.054535798680000004,
        0.05467093368,
        0.05469635868,
        0.05473506068,
        0.05478973968,
        0.05465296068,
        0.054823462680000004,
        0.05482673168,
        0.05466330168,
        0.05454408768,
        0.05479011868,
        0.05463912468,
        0.05480454468,
        0.054512636680000004,
        0.05461108968,
        0.05464137068,
        0.054850343680000004,
        0.05482551868,
        0.054779722680000004,
        0.05485825668,
        0.05587818868,
        0.05501595868,
        0.05495218868,
        0.05486889068,
        0.05453026568,
        0.05450976168,
        0.05473661768,
        0.05501977468,
        0.05474298968,
        0.05500560168,
        0.05505003068,
        0.05488419068,
        0.05458804068,
        0.05438646468,
        0.05442658168,
        0.05458720068,
        0.05470585968,
        0.05438777168,
        0.05451928468,
        0.05667383268
      ],
      "memory_usage_byte": [
        31109120,
        31109120,
        31109120,
        31109120,
        31109120,
        31109120,
        31109120,
        31109120,
        31109120,
        31109120,
        31109120,
        31109120,
        31109120,
        31109120,
        31109120,
        31109120,
        31109120,
        31109120,
        31109120,
        31109120,
        31109120,
        31109120,
        31109120,
        31109120,
        31109120,
        31109120,
        31109120,
        31109120,
        31109120,
        31109120,
        31109120,
        31109120,
        31109120,
        31109120,
        31109120,
        31109120,
        31109120,
        31109120,
        31109120,
        31109120,
        31109120,
        31109120,
        31109120,
        31109120,
        31109120,
        31109120,
        31109120,
        31109120,
        31109120,
        31109120,
        31109120,
        31109120,
        31109120,
        31109120
      ],
      "exit_codes": [
        0,
        0,
        0,
        0,
        0,
        0,
        0,
        0,
        0,
        0,
        0,
        0,
        0,
        0,
        0,
        0,
        0,
        0,
        0,
        0,
        0,
        0,
        0,
        0,
        0,
        0,
        0,
        0,
        0,
        0,
        0,
        0,
        0,
        0,
        0,
        0,
        0,
        0,
        0,
        0,
        0,
        0,
        0,
        0,
        0,
        0,
        0,
        0,
        0,
        0,
        0,
        0,
        0,
        0
      ]
    },
    {
      "command": "./bin/oxc files/antd.js",
      "mean": 0.05567027598188682,
      "stddev": 0.0013083837664832842,
      "median": 0.05542108668,
      "user": 0.040975757735849064,
      "system": 0.014643469056603775,
      "min": 0.05511878268,
      "max": 0.06345554368,
      "times": [
        0.05574394868,
        0.05542393768,
        0.05549791168,
        0.055517278680000004,
        0.055564947680000004,
        0.05567217268,
        0.055470308680000004,
        0.05533024868,
        0.05567739368,
        0.05536633268,
        0.055264153680000004,
        0.05537363668,
        0.055278022680000004,
        0.05525924168,
        0.05539976168,
        0.055371054680000004,
        0.05548043768,
        0.05520896568,
        0.05554430068,
        0.05521125768,
        0.05569714968,
        0.05606213168,
        0.060501981680000004,
        0.06345554368,
        0.05549902868,
        0.05582952468,
        0.05560244368,
        0.05578216168,
        0.05516004768,
        0.05517860868,
        0.05562371668,
        0.05528230368,
        0.05548646768,
        0.05546857868,
        0.05514132268,
        0.05526887968,
        0.05554221668,
        0.05519391368,
        0.05538427768,
        0.05523573868,
        0.05550113068,
        0.05545159268,
        0.05542108668,
        0.05549549968,
        0.05533922668,
        0.05529424868,
        0.05546413768,
        0.05521039068,
        0.05533393468,
        0.05511878268,
        0.05537484268,
        0.05522886168,
        0.05523954068
      ],
      "memory_usage_byte": [
        43196416,
        43196416,
        43196416,
        43196416,
        43196416,
        43196416,
        43196416,
        43196416,
        43196416,
        43196416,
        43196416,
        43196416,
        43196416,
        43196416,
        43196416,
        43196416,
        43196416,
        43196416,
        43196416,
        43196416,
        43196416,
        43196416,
        43196416,
        43196416,
        43196416,
        43196416,
        43196416,
        43196416,
        43196416,
        43196416,
        43196416,
        43196416,
        43196416,
        43196416,
        43196416,
        43196416,
        43196416,
        43196416,
        43196416,
        43196416,
        43196416,
        43196416,
        43196416,
        43196416,
        43196416,
        43196416,
        43196416,
        43196416,
        43196416,
        43196416,
        43196416,
        43196416,
        43196416
      ],
      "exit_codes": [
        0,
        0,
        0,
        0,
        0,
        0,
        0,
        0,
        0,
        0,
        0,
        0,
        0,
        0,
        0,
        0,
        0,
        0,
        0,
        0,
        0,
        0,
        0,
        0,
        0,
        0,
        0,
        0,
        0,
        0,
        0,
        0,
        0,
        0,
        0,
        0,
        0,
        0,
        0,
        0,
        0,
        0,
        0,
        0,
        0,
        0,
        0,
        0,
        0,
        0,
        0,
        0,
        0
      ]
    },
    {
      "command": "./bin/swc files/antd.js",
      "mean": 0.10883199449481483,
      "stddev": 0.0005916624848204642,
      "median": 0.10886026968000001,
      "user": 0.08383172,
      "system": 0.024924657037037043,
      "min": 0.10785528268000001,
      "max": 0.11017153468000002,
      "times": [
        0.10886161268000001,
        0.10876838068000001,
        0.10879821668000002,
        0.10901151268,
        0.10847387568000001,
        0.10796220568,
        0.10785528268000001,
        0.10788810768000001,
        0.10893474568000001,
        0.10829946368000001,
        0.10949011968000001,
        0.10800977868000002,
        0.10833358068000001,
        0.10939603768000002,
        0.10886026968000001,
        0.10939794068000001,
        0.10870694768000001,
        0.11017153468000002,
        0.10852567968000001,
        0.10843381168,
        0.10901489868000001,
        0.10869346168,
        0.10980617368000001,
        0.10969327868,
        0.10889493068000002,
        0.10886879568,
        0.10931320768000001
      ],