{
  "results": [
    {
      "command": "./bin/yuku files/antd.js",
      "mean": 0.02419242631153154,
      "stddev": 0.0008181494250066019,
      "median": 0.02411555278,
      "user": 0.021235296216216223,
      "system": 0.0024320751351351363,
      "min": 0.023776551780000002,
      "max": 0.03251488578,
      "times": [
        0.024357594780000002,
        0.02423263578,
        0.02406784378,
        0.02401259378,
        0.024163469780000002,
        0.024331676780000002,
        0.024166552780000003,
        0.024376885780000003,
        0.024075010780000003,
        0.02430459378,
        0.024164760780000002,
        0.024144094780000003,
        0.024282844780000003,
        0.02417584378,
        0.024134552780000002,
        0.024368343780000003,
        0.02413396878,
        0.024206594780000004,
        0.024218302780000003,
        0.02421471978,
        0.023959218780000003,
        0.023981135780000003,
        0.02400596878,
        0.023865760780000002,
        0.02417921878,
        0.02411555278,
        0.023874135780000003,
        0.02395501078,
        0.024258385780000002,
        0.02391392678,
        0.024002510780000003,
        0.023887385780000003,
        0.024014219780000002,
        0.024163052780000003,
        0.024159302780000003,
        0.023881010780000003,
        0.023776551780000002,
        0.02415005278,
        0.024054801780000003,
        0.023843593780000002,
        0.024285969780000003,
        0.023987760780000002,
        0.023818260780000003,
        0.024036093780000004,
        0.02393501078,
        0.02397188578,
        0.024086301780000003,
        0.023993594780000002,
        0.024117676780000003,
        0.024085260780000003,
        0.024147926780000002,
        0.023884260780000003,
        0.023944719780000002,
        0.023961051780000003,
        0.024101052780000003,
        0.024212718780000003,
        0.02402642778,
        0.024364176780000003,
        0.024273552780000002,
        0.024273010780000003,
        0.024171510780000002,
        0.024476719780000003,
        0.024066885780000002,
        0.023868177780000003,
        0.023912260780000003,
        0.02429017778,
        0.024121301780000003,
        0.023898176780000002,
        0.02397705278,
        0.024305343780000002,
        0.02401571878,
        0.02397459378,
        0.023897218780000003,
        0.02397992778,
        0.023803385780000002,
        0.024164093780000003,
        0.023962177780000003,
        0.024245135780000003,
        0.024017468780000002,
        0.024216135780000002,
        0.02432201078,
        0.02422834478,
        0.024192219780000003,
        0.03251488578,
        0.025025010780000002,
        0.024384677780000003,
        0.02417288578,
        0.02402542778,
        0.02410221878,
        0.02440196878,
        0.02425338578,
        0.02449913578,
        0.02403371878,
        0.02380367678,
        0.024300885780000003,
        0.02424534378,
        0.02412826078,
        0.02423871878,
        0.02433234478,
        0.024048843780000002,
        0.024034718780000002,
        0.02397667778,
        0.02444942778,
        0.024107218780000002,
        0.02398846878,
        0.02424809378,
        0.024097718780000003,
        0.024097218780000002,
        0.02382880278,
        0.024080302780000003,
        0.024152844780000002
      ],
      "exit_codes": [
        0,
        0,
        0,
        0,
        0,
        0,
        0,
        0,
        0,
        0,
        0,
        0,
        0,
        0,
        0,
        0,
        0,
        0,
        0,
        0,
        0,
        0,
        0,
        0,
        0,
        0,
        0,
        0,
        0,
        0,
        0,
        0,
        0,
        0,
        0,
        0,
        0,
        0,
        0,
        0,
        0,
        0,
        0,
        0,
        0,
        0,
        0,
        0,
        0,
        0,
        0,
        0,
        0,
        0,
        0,
        0,
        0,
        0,
        0,
        0,
        0,
        0,
        0,
        0,
        0,
        0,
        0,
        0,
        0,
        0,
        0,
        0,
        0,
        0,
        0,
        0,
        0,
        0,
        0,
        0,
        0,
        0,
        0,
        0,
        0,
        0,
        0,
        0,
        0,
        0,
        0,
        0,
        0,
        0,
        0,
        0,
        0,
        0,
        0,
        0,
        0,
        0,
        0,
        0,
        0,
        0,
        0,
        0,
        0,
        0,
        0
      ]
    },
    {
      "command": "./bin/oxc files/antd.js",
      "mean": 0.024381273897117122,
      "stddev": 0.00019295561662600685,
      "median": 0.02439576078,
      "user": 0.020658755675675662,
      "system": 0.0030784805405405413,
      "min": 0.023977510780000003,
      "max": 0.02490188578,
      "times": [
        0.02439576078,
        0.02468646878,
        0.024406594780000002,
        0.024861843780000004,
        0.024529010780000002,
        0.02445255278,
        0.024647802780000002,
        0.02460701078,
        0.024690468780000002,
        0.02448809378,
        0.024504135780000002,
        0.02455396878,
        0.02452596978,
        0.024405552780000003,
        0.024716676780000002,
        0.024614844780000002,
        0.02490188578,
        0.02451067678,
        0.02474976078,
        0.02440201078,
        0.02439146878,
        0.024385594780000002,
        0.024286801780000002,
        0.02448330178,
        0.024352010780000002,
        0.024579552780000003,
        0.024137260780000003,
        0.024450968780000002,
        0.02434117678,
        0.02412488578,
        0.02430305178,
        0.024408177780000002,
        0.024070052780000004,
        0.02428421978,
        0.02448342678,
        0.024238635780000004,
        0.02426934378,
        0.02467484378,
        0.024217885780000004,
        0.02457705278,
        0.024427843780000003,
        0.024450676780000003,
        0.024604760780000002,
        0.02416730278,
        0.02419376078,
        0.024437968780000003,
        0.02447188578,
        0.024424969780000003,
        0.02418401078,
        0.024283302780000002,
        0.02435126078,
        0.024475052780000003,
        0.02452934378,
        0.02476455178,
        0.02415651078,
        0.02435817778,
        0.024502801780000003,
        0.024397510780000003,
        0.024398593780000002,
        0.02406292678,
        0.02401542778,
        0.02419684478,
        0.024456551780000002,
        0.02458571878,
        0.024323843780000003,
        0.024447593780000002,
        0.024198302780000003,
        0.024546385780000003,
        0.02406859378,
        0.02420230278,
        0.02436713578,
        0.024489843780000003,
        0.02399296978,
        0.024155677780000002,
        0.02462838578,
        0.024217927780000002,
        0.024200052780000002,
        0.024387010780000003,
        0.02443817678,
        0.023977510780000003,
        0.02435659478,
        0.024671010780000002,
        0.02450805278,
        0.02407067778,
        0.024504635780000002,
        0.02452363578,
        0.024288718780000003,
        0.024166719780000002,
        0.02410038578,
        0.024236093780000002,
        0.02430188578,
        0.024560885780000003,
        0.024153593780000003,
        0.024321010780000003,
        0.024577093780000003,
        0.02407184378,
        0.02446192678,
        0.024454302780000003,
        0.024444219780000002,
        0.02435088578,
        0.02404138578,
        0.024248301780000002,
        0.024133510780000002,
        0.024395677780000003,
        0.024259927780000003,
        0.02419946878,
        0.02435596978,
        0.02431263578,
        0.02441259478,
        0.024324010780000002,
        0.024263468780000002
      ],