{
  "results": [
    {
      "command": "./bin/yuku files/antd.js",
      "mean": 0.06331114051999999,
      "stddev": 0.0008498066445920975,
      "median": 0.06316562452,
      "user": 0.047724105217391295,
      "system": 0.015517897391304351,
      "min": 0.06281206902,
      "max": 0.06862093602000001,
      "times": [
        0.06318710902,
        0.06298700502,
        0.06318265202000001,
        0.06307428902000001,
        0.06289444202,
        0.06329138402000001,
        0.06371208002,
        0.06862093602000001,
        0.06283159602,
        0.06367471002,
        0.06284782602,
        0.06302561802000001,
        0.06282128702,
        0.06303782102,
        0.06298593402000001,
        0.06316087102000001,
        0.06281206902,
        0.06317037802,
        0.06377090902,
        0.06326093702,
        0.06309816302,
        0.06395552402,
        0.06379570602,
        0.06297123702,
        0.06282163702,
        0.06311663802,
        0.06295476602,
        0.06289019602,
        0.06295602802,
        0.06331527902,
        0.06308337502,
        0.06294868502,
        0.06342038602,
        0.06322478002,
        0.06289581502,
        0.06353701302,
        0.06323154202,
        0.06305141402,
        0.06319344902,
        0.06343409802,
        0.06333980302,
        0.06344612102,
        0.06340627702,
        0.06306446902,
        0.06354224002,
        0.06326796902000001
      ],
      "memory_usage_byte": [
        31207424,
        31207424,
        31207424,
        31207424,
        31207424,
        31207424,
        31207424,
        31207424,
        31207424,
        31207424,
        31207424,
        31207424,
        31207424,
        31207424,
        31207424,
        31207424,
        31207424,
        31207424,
        31207424,
        31207424,
        31207424,
        31207424,
        31207424,
        31207424,
        31207424,
        31207424,
        31207424,
        31207424,
        31207424,
        31207424,
        31207424,
        31207424,
        31207424,
        31207424,
        31207424,
        31207424,
        31207424,
        31207424,
        31207424,
        31207424,
        31207424,
        31207424,
        31207424,
        31207424,
        31207424,
        31207424
      ],
      "exit_codes": [
        0,
        0,
        0,
        0,
        0,
        0,
        0,
        0,
        0,
        0,
        0,
        0,
        0,
        0,
        0,
        0,
        0,
        0,
        0,
        0,
        0,
        0,
        0,
        0,
        0,
        0,
        0,
        0,
        0,
        0,
        0,
        0,
        0,
        0,
        0,
        0,
        0,
        0,
        0,
        0,
        0,
        0,
        0,
        0,
        0,
        0
      ]
    },
    {
      "command": "./bin/oxc files/antd.js",
      "mean": 0.0638564839330435,
      "stddev": 0.000420540454790411,
      "median": 0.06382864802,
      "user": 0.04151573565217391,
      "system": 0.022274940869565215,
      "min": 0.06310640202000001,
      "max": 0.06496136602000001,
      "times": [
        0.06366359702,
        0.06427436702,
        0.06383638002,
        0.06384169902,
        0.06477207702,
        0.06417798802,
        0.06390819402,
        0.06433874702,
        0.06389844502,
        0.06416072802,
        0.06364468202,
        0.06406374402000001,
        0.06468914202,
        0.06366904702000001,
        0.06351721302,
        0.06384047302,
        0.06364664102,
        0.06327007802000001,
        0.06338071402,
        0.06314985302000001,
        0.06445058302000001,
        0.06371908302,
        0.06386401002,
        0.06384783702,
        0.06376752702,
        0.06374061702,
        0.06496136602000001,
        0.06413758502,
        0.06370913802,
        0.06373413502,
        0.06396105802,
        0.06425244202000001,
        0.06340415802,
        0.06354400902,
        0.06319069002,
        0.06363669302,
        0.06371085102,
        0.06331168602000001,
        0.06413521302,
        0.06343499602000001,
        0.06310640202000001,
        0.06366712002,
        0.06382091602000001,
        0.06387430602000001,
        0.06456501602,
        0.06410701402
      ],
      "memory_usage_byte": [
        43065344,
        43065344,
        43065344,
        43065344,
        43065344,
        43065344,
        43065344,
        43065344,
        43065344,
        43065344,
        43065344,
        43065344,
        43065344,
        43065344,
        43065344,
        43065344,
        43065344,
        43065344,
        43065344,
        43065344,
        43065344,
        43065344,
        43065344,
        43065344,
        43065344,
        43065344,
        43065344,
        43065344,
        43065344,
        43065344,
        43065344,
        43065344,
        43065344,
        43065344,
        43065344,
        43065344,
        43065344,
        43065344,
        43065344,
        43065344,
        43065344,
        43065344,
        43065344,
        43065344,
        43065344,
        43065344
      ],
      "exit_codes": [
        0,
        0,
        0,
        0,
        0,
        0,
        0,
        0,
        0,
        0,
        0,
        0,
        0,
        0,
        0,
        0,
        0,
        0,
        0,
        0,
        0,
        0,
        0,
        0,
        0,
        0,
        0,
        0,
        0,
        0,
        0,
        0,
        0,
        0,
        0,
        0,
        0,
        0,
        0,
        0,
        0,
        0,
        0,
        0,
        0,
        0
      ]
    },
    {
      "command": "./bin/swc files/antd.js",
      "mean": 0.12469104064500001,
      "stddev": 0.0007562548404381714,
      "median": 0.12473531452,
      "user": 0.09253120666666664,
      "system": 0.03208438833333333,
      "min": 0.12367983202,
      "max": 0.12667647702,
      "times": [
        0.12412808202,
        0.12387618802,
        0.12472956202,
        0.12541085402000002,
        0.12495530302,
        0.12476225302,
        0.12667647702,
        0.12465423102000002,
        0.12431125702000001,
        0.12554295002000002,
        0.12367983202,
        0.12404890402,
        0.12474106702,
        0.12486519902,
        0.12546698302000003,
        0.12397602102000001,
        0.12410880502,
        0.12598310602,
        0.12391878202,
        0.12491094402000001,
        0.12404449602,
        0.12375300202,
        0.12492970902000002,
        0.12511096802000002
      ],
      "memory_usage_byte": [
        70692864,
        70692864,
        70692864,
        70692864,
        70692864,
        70692864,
        70692864,
        70692864,
        70692864,
        70692864,
        70692864,
        70692864,
        70692864,
        70692864,
        70692864,
        70692864,
        70692864,
        70692864,
        70692864,
        70692864,
        70692864,
        70692864,
        70692864,
        70692864
      ],
      "exit_codes": [
        0,
        0,
        0,
        0,
        0,
        0,
        0,
        0,
        0,
        0,
        0,
        0,
        0,
        0,
        0,
        0,
        0,
        0,
        0,
        0,
        0,
        0,
        0,
        0
      ]
    }
  ]
}
