{
  "results": [
    {
      "command": "./bin/yuku_antd",
      "mean": 0.06074146450916667,
      "stddev": 0.00031815187423777703,
      "median": 0.06066092828,
      "user": 0.0487300625,
      "system": 0.011977802499999997,
      "min": 0.060197510780000005,
      "max": 0.06190714078000001,
      "times": [
        0.061147191780000006,
        0.06138615178,
        0.06060793878,
        0.06066286178,
        0.06086810578,
        0.06090904178,
        0.06099984178,
        0.06067307378,
        0.06090931278,
        0.06071265478,
        0.06060717678,
        0.06094233478,
        0.06052323978,
        0.06070711378,
        0.060755264780000005,
        0.060401422780000005,
        0.060492281780000004,
        0.06073028778,
        0.061060384780000004,
        0.06037523278,
        0.060778347780000005,
        0.06190714078000001,
        0.06125003978,
        0.06094974878,
        0.060455342780000004,
        0.060533689780000004,
        0.06046424878,
        0.06034661978,
        0.06080373478,
        0.060197510780000005,
        0.06061988078,
        0.060653824780000004,
        0.06046513178,
        0.06054181478,
        0.06061380878,
        0.060445693780000004,
        0.060521926780000006,
        0.06121174578,
        0.06140478078,
        0.060912618780000004,
        0.060576689780000005,
        0.060493824780000004,
        0.06062308678,
        0.06051434278,
        0.060613418780000004,
        0.06065899478,
        0.06072448678,
        0.06083688678
      ],
      "memory_usage_byte": [
        31944704,
        31944704,
        31944704,
        31944704,
        31944704,
        31944704,
        31944704,
        31944704,
        31944704,
        31944704,
        31944704,
        31944704,
        31944704,
        31944704,
        31944704,
        31944704,
        31944704,
        31944704,
        31944704,
        31944704,
        31944704,
        31944704,
        31944704,
        31944704,
        31944704,
        31944704,
        31944704,
        31944704,
        31944704,
        31944704,
        31944704,
        31944704,
        31944704,
        31944704,
        31944704,
        31944704,
        31944704,
        31944704,
        31944704,
        31944704,
        31944704,
        31944704,
        31944704,
        31944704,
        31944704,
        31944704,
        31944704,
        31944704
      ],
      "exit_codes": [
        0,
        0,
        0,
        0,
        0,
        0,
        0,
        0,
        0,
        0,
        0,
        0,
        0,
        0,
        0,
        0,
        0,
        0,
        0,
        0,
        0,
        0,
        0,
        0,
        0,
        0,
        0,
        0,
        0,
        0,
        0,
        0,
        0,
        0,
        0,
        0,
        0,
        0,
        0,
        0,
        0,
        0,
        0,
        0,
        0,
        0,
        0,
        0
      ]
    },
    {
      "command": "./bin/oxc_antd",
      "mean": 0.06123747050916666,
      "stddev": 0.0003967996391065577,
      "median": 0.06117887528,
      "user": 0.043083458333333324,
      "system": 0.01811534416666666,
      "min": 0.060535401780000005,
      "max": 0.06222427878,
      "times": [
        0.06158848178,
        0.06152768878,
        0.061639508780000005,
        0.06150882378,
        0.06184983178,
        0.06130743678,
        0.06126309378,
        0.06161197578,
        0.06118595878,
        0.06097952278,
        0.06153939078,
        0.061472311780000004,
        0.061707939780000005,
        0.06222427878,
        0.061058089780000005,
        0.06105361178,
        0.061026610780000004,
        0.061090861780000005,
        0.06093314678,
        0.06196421578,
        0.06157862778,
        0.06136081678,
        0.061131056780000005,
        0.062052861779999996,
        0.061439683780000004,
        0.061032952780000004,
        0.06103845378,
        0.06080191078,
        0.060987668780000004,
        0.060535401780000005,
        0.06088104878,
        0.060640217780000005,
        0.060574645780000005,
        0.06069921878,
        0.06140098178,
        0.060984622780000004,
        0.06192049978,
        0.06118760278,
        0.061171791780000005,
        0.061101080780000004,
        0.061250890780000004,
        0.06094476778,
        0.06147481978,
        0.061294365780000006,
        0.060867532780000004,
        0.060935330780000005,
        0.06090254878,
        0.060674401780000005
      ],
      "memory_usage_byte": [
        42971136,
        42971136,
        42971136,
        42971136,
        42971136,
        42971136,
        42971136,
        42971136,
        42971136,
        42971136,
        42971136,
        42971136,
        42971136,
        42971136,
        42971136,
        42971136,
        42971136,
        42971136,
        42971136,
        42971136,
        42971136,
        42971136,
        42971136,
        42971136,
        42971136,
        42971136,
        42971136,
        42971136,
        42971136,
        42971136,
        42971136,
        42971136,
        42971136,
        42971136,
        42971136,
        42971136,
        42971136,
        42971136,
        42971136,
        42971136,
        42971136,
        42971136,
        42971136,
        42971136,
        42971136,
        42971136,
        42971136,
        42971136
      ],
      "exit_codes": [
        0,
        0,
        0,
        0,
        0,
        0,
        0,
        0,
        0,
        0,
        0,
        0,
        0,
        0,
        0,
        0,
        0,
        0,
        0,
        0,
        0,
        0,
        0,
        0,
        0,
        0,
        0,
        0,
        0,
        0,
        0,
        0,
        0,
        0,
        0,
        0,
        0,
        0,
        0,
        0,
        0,
        0,
        0,
        0,
        0,
        0,
        0,
        0
      ]
    },
    {
      "command": "./bin/swc_antd",
      "mean": 0.12751219143217393,
      "stddev": 0.0011346975668927103,
      "median": 0.12734388078000003,
      "user": 0.09580571739130435,
      "system": 0.03163487043478261,
      "min": 0.12549320578000003,
      "max": 0.13028620878000002,
      "times": [
        0.12724614678,
        0.12683775178,
        0.12752888678000002,
        0.12819104578,
        0.12726988178,
        0.12734388078000003,
        0.12654088678000003,
        0.12633701578000003,
        0.12808424678000002,
        0.12549320578000003,
        0.12864545678000003,
        0.12580928678000003,
        0.12633574278,
        0.12891264778000003,
        0.12718427178000002,
        0.12852507178000003,
        0.12756057578000002,
        0.12696276678,
        0.12768070078000002,
        0.13028620878000002,
        0.12875503178000003,
        0.12868862778,
        0.12656106478
      ],
      "memory_usage_byte": [
        70606848,
        70606848,
        70606848,
        70606848,
        70606848,
        70606848,
        70606848,
        70606848,
        70606848,
        70606848,
        70606848,
        70606848,
        70606848,
        70606848,
        70606848,
        70606848,
        70606848,
        70606848,
        70606848,
        70606848,
        70606848,
        70606848,
        70606848
      ],
      "exit_codes": [
        0,
        0,
        0,
        0,
        0,
        0,
        0,
        0,
        0,
        0,
        0,
        0,
        0,
        0,
        0,
        0,
        0,
        0,
        0,
        0,
        0,
        0,
        0
      ]
    }
  ]
}
