{
  "results": [
    {
      "command": "./bin/yuku files/antd.js",
      "mean": 0.02448759927189189,
      "stddev": 0.00021584333827344456,
      "median": 0.024544793380000002,
      "user": 0.021647939819819814,
      "system": 0.0023845891891891885,
      "min": 0.02398833538,
      "max": 0.02498262738,
      "times": [
        0.02428783438,
        0.024570876380000002,
        0.024169418380000002,
        0.02474833438,
        0.02455891838,
        0.02453900138,
        0.024753585380000002,
        0.02455295938,
        0.02462400138,
        0.02486475138,
        0.02480704338,
        0.02439496038,
        0.024555168380000002,
        0.024567752380000002,
        0.024787002380000003,
        0.02461750138,
        0.024673835380000002,
        0.02436500138,
        0.024630877380000003,
        0.024739043380000002,
        0.024874834380000002,
        0.02429487738,
        0.024558668380000002,
        0.02455979338,
        0.02470512638,
        0.024678126380000002,
        0.02463150238,
        0.02426154338,
        0.02456587638,
        0.02465350138,
        0.02421250138,
        0.024070459380000003,
        0.02474966838,
        0.02423733438,
        0.02447083438,
        0.02462316838,
        0.02462912638,
        0.02416029338,
        0.02424833538,
        0.02433021038,
        0.02429308538,
        0.02452187638,
        0.02469650138,
        0.024561543380000002,
        0.024322668380000002,
        0.02413941838,
        0.024110543380000002,
        0.02448362638,
        0.02462087638,
        0.02460279338,
        0.02403879338,
        0.024265877380000002,
        0.02440521038,
        0.024306876380000002,
        0.024322418380000002,
        0.02424316838,
        0.024544793380000002,
        0.02488475138,
        0.02432012638,
        0.024361960380000002,
        0.02462125138,
        0.02479146038,
        0.024604084380000002,
        0.02469991838,
        0.02462679338,
        0.02498262738,
        0.02445004338,
        0.02456654338,
        0.024652168380000002,
        0.024600293380000002,
        0.02404771038,
        0.024219584380000003,
        0.02447162638,
        0.02433083438,
        0.02444166838,
        0.02423200138,
        0.02398833538,
        0.02473291838,
        0.02467800138,
        0.02425383538,
        0.02472591838,
        0.02455558538,
        0.02451150238,
        0.024620002380000002,
        0.02454966838,
        0.02456600138,
        0.02407983438,
        0.024408126380000002,
        0.024480501380000002,
        0.02438862738,
        0.024486584380000002,
        0.02434250138,
        0.02457404338,
        0.024247835380000003,
        0.02431483438,
        0.02443671038,
        0.02470433538,
        0.024578001380000002,
        0.02465375238,
        0.02432400138,
        0.024666168380000002,
        0.02474291838,
        0.02458287738,
        0.02410058538,
        0.02439791838,
        0.02430754338,
        0.024429377380000002,
        0.024327084380000003,
        0.024945251380000002,
        0.024290918380000002,
        0.024422252380000002
      ],
      "exit_codes": [
        0,
        0,
        0,
        0,
        0,
        0,
        0,
        0,
        0,
        0,
        0,
        0,
        0,
        0,
        0,
        0,
        0,
        0,
        0,
        0,
        0,
        0,
        0,
        0,
        0,
        0,
        0,
        0,
        0,
        0,
        0,
        0,
        0,
        0,
        0,
        0,
        0,
        0,
        0,
        0,
        0,
        0,
        0,
        0,
        0,
        0,
        0,
        0,
        0,
        0,
        0,
        0,
        0,
        0,
        0,
        0,
        0,
        0,
        0,
        0,
        0,
        0,
        0,
        0,
        0,
        0,
        0,
        0,
        0,
        0,
        0,
        0,
        0,
        0,
        0,
        0,
        0,
        0,
        0,
        0,
        0,
        0,
        0,
        0,
        0,
        0,
        0,
        0,
        0,
        0,
        0,
        0,
        0,
        0,
        0,
        0,
        0,
        0,
        0,
        0,
        0,
        0,
        0,
        0,
        0,
        0,
        0,
        0,
        0,
        0,
        0
      ]
    },
    {
      "command": "./bin/oxc files/antd.js",
      "mean": 0.024286206641261257,
      "stddev": 0.0001747069150913616,
      "median": 0.02430766838,
      "user": 0.02059716504504505,
      "system": 0.003038877477477478,
      "min": 0.02386833538,
      "max": 0.02467312638,
      "times": [
        0.02433196038,
        0.02427175138,
        0.02423079338,
        0.024470502380000002,
        0.024391793380000002,
        0.02439512638,
        0.02451429338,
        0.02463041838,
        0.02435646038,
        0.02455666838,
        0.02449312638,
        0.02436862638,
        0.02424700138,
        0.024423959380000002,
        0.024325668380000002,
        0.02445837638,
        0.02453037638,
        0.024104168380000002,
        0.02444516838,
        0.02409475238,
        0.024528334380000003,
        0.02445783538,
        0.02414537638,
        0.02412629338,
        0.02453570938,
        0.02416729338,
        0.02434208538,
        0.02443079338,
        0.02411979338,
        0.02426954338,
        0.02422279338,
        0.02397575238,
        0.024404752380000002,
        0.02447691838,
        0.024286376380000002,
        0.02435766838,
        0.02412891838,
        0.02445950238,
        0.024157710380000003,
        0.02443291838,
        0.02423862638,
        0.02423841838,
        0.02453629338,
        0.02422487638,
        0.02409241838,
        0.024266001380000003,
        0.02413708538,
        0.02437854338,
        0.02433166838,
        0.02413212738,
        0.02428412638,
        0.024020293380000002,
        0.024099377380000002,
        0.02434737638,
        0.02406795938,
        0.02424233438,
        0.02413187638,
        0.02434516838,
        0.02430766838,
        0.02441400238,
        0.02434325138,
        0.02424104338,
        0.02451741838,
        0.02433816838,
        0.024325377380000002,
        0.02417737638,
        0.02416858438,
        0.02441895938,
        0.02425271038,
        0.02444983538,
        0.02394966838,
        0.024339918380000002,
        0.02418258538,
        0.02411866838,
        0.024018835380000002,
        0.02402208438,
        0.024344335380000002,
        0.024396459380000002,
        0.024291543380000002,
        0.02432062738,
        0.02408266838,
        0.02411395938,
        0.024140376380000002,
        0.02467312638,
        0.02401966838,
        0.024289085380000002,
        0.02442233538,
        0.024666459380000002,
        0.024164085380000002,
        0.024429127380000002,
        0.024351460380000002,
        0.024268710380000003,
        0.02444087638,
        0.02401533438,
        0.02433029338,
        0.02443370938,
        0.02413083438,
        0.02442662638,
        0.02422083538,
        0.02422329338,
        0.024332793380000002,
        0.024360918380000002,
        0.02393666838,
        0.02402116838,
        0.02387096038,
        0.02403133538,
        0.02428016838,
        0.02386833538,
        0.02461954338,
        0.02448375138,
        0.02439937638
      ],