{
  "results": [
    {
      "command": "./bin/yuku files/antd.js",
      "mean": 0.06348238179148938,
      "stddev": 0.00046401028993264343,
      "median": 0.06347476160000001,
      "user": 0.046315364255319146,
      "system": 0.017111574042553188,
      "min": 0.06251886860000001,
      "max": 0.0645010656,
      "times": [
        0.0630918366,
        0.0629798976,
        0.0626194456,
        0.06251886860000001,
        0.0630242406,
        0.06314157960000001,
        0.06324688560000001,
        0.06342335560000001,
        0.0631841996,
        0.0637304986,
        0.0637113526,
        0.0629601716,
        0.06326068160000001,
        0.0629289836,
        0.06305852460000001,
        0.0628804636,
        0.06307690860000001,
        0.06290363560000001,
        0.06336587760000001,
        0.0637557546,
        0.0637132626,
        0.06310751660000001,
        0.0634327026,
        0.0630611996,
        0.0633913056,
        0.0637661146,
        0.0635188036,
        0.06368986260000001,
        0.06386756360000001,
        0.06377917960000001,
        0.0632805486,
        0.06302715560000001,
        0.06369615460000001,
        0.06347476160000001,
        0.0637316106,
        0.06379379660000001,
        0.06415473960000001,
        0.06434251960000001,
        0.0638497206,
        0.06393725360000001,
        0.0645010656,
        0.0639481726,
        0.06428804460000001,
        0.0638553456,
        0.06353179160000001,
        0.0638152116,
        0.06425337860000001
      ],
      "memory_usage_byte": [
        32006144,
        32006144,
        32006144,
        32006144,
        32006144,
        32006144,
        32006144,
        32006144,
        32006144,
        32006144,
        32006144,
        32006144,
        32006144,
        32006144,
        32006144,
        32006144,
        32006144,
        32006144,
        32006144,
        32006144,
        32006144,
        32006144,
        32006144,
        32006144,
        32006144,
        32006144,
        32006144,
        32006144,
        32006144,
        32006144,
        32006144,
        32006144,
        32006144,
        32006144,
        32006144,
        32006144,
        32006144,
        32006144,
        32006144,
        32006144,
        32006144,
        32006144,
        32006144,
        32006144,
        32006144,
        32006144,
        32006144
      ],
      "exit_codes": [
        0,
        0,
        0,
        0,
        0,
        0,
        0,
        0,
        0,
        0,
        0,
        0,
        0,
        0,
        0,
        0,
        0,
        0,
        0,
        0,
        0,
        0,
        0,
        0,
        0,
        0,
        0,
        0,
        0,
        0,
        0,
        0,
        0,
        0,
        0,
        0,
        0,
        0,
        0,
        0,
        0,
        0,
        0,
        0,
        0,
        0,
        0
      ]
    },
    {
      "command": "./bin/oxc files/antd.js",
      "mean": 0.06422322164347827,
      "stddev": 0.000622220182809233,
      "median": 0.0642049536,
      "user": 0.042129959999999994,
      "system": 0.022029687826086955,
      "min": 0.0630631286,
      "max": 0.06631680960000001,
      "times": [
        0.0635014056,
        0.0643106756,
        0.06385377360000001,
        0.0638779676,
        0.06387586460000001,
        0.0634588256,
        0.0636559636,
        0.0635870666,
        0.06418097460000001,
        0.0641958116,
        0.0635507176,
        0.06631680960000001,
        0.0640033926,
        0.0641680406,
        0.0630631286,
        0.0632846016,
        0.0639639186,
        0.0633699706,
        0.0631560906,
        0.06390921660000001,
        0.06435143160000001,
        0.0637361746,
        0.0639282426,
        0.06481784160000001,
        0.06507846860000001,
        0.06498586560000001,
        0.06427789460000001,
        0.0644685006,
        0.0640922086,
        0.06425780760000001,
        0.0644105026,
        0.0644826076,
        0.0643351506,
        0.0644849606,
        0.06550142760000001,
        0.0650577606,
        0.06449469860000001,
        0.0647266226,
        0.06425360960000001,
        0.06445607660000001,
        0.0641692826,
        0.06434697360000001,
        0.06508664360000001,
        0.0642140956,
        0.06477818860000001,
        0.06419094260000001
      ],
      "memory_usage_byte": [
        43065344,
        43065344,
        43065344,
        43065344,
        43065344,
        43065344,
        43065344,
        43065344,
        43065344,
        43065344,
        43065344,
        43065344,
        43065344,
        43065344,
        43065344,
        43065344,
        43065344,
        43065344,
        43065344,
        43065344,
        43065344,
        43065344,
        43065344,
        43065344,
        43065344,
        43065344,
        43065344,
        43065344,
        43065344,
        43065344,
        43065344,
        43065344,
        43065344,
        43065344,
        43065344,
        43065344,
        43065344,
        43065344,
        43065344,
        43065344,
        43065344,
        43065344,
        43065344,
        43065344,
        43065344,
        43065344
      ],
      "exit_codes": [
        0,
        0,
        0,
        0,
        0,
        0,
        0,
        0,
        0,
        0,
        0,
        0,
        0,
        0,
        0,
        0,
        0,
        0,
        0,
        0,
        0,
        0,
        0,
        0,
        0,
        0,
        0,
        0,
        0,
        0,
        0,
        0,
        0,
        0,
        0,
        0,
        0,
        0,
        0,
        0,
        0,
        0,
        0,
        0,
        0,
        0
      ]
    },
    {
      "command": "./bin/swc files/antd.js",
      "mean": 0.12530389281739127,
      "stddev": 0.001004170705550464,
      "median": 0.12511360459999998,
      "user": 0.09231930782608697,
      "system": 0.03290694869565218,
      "min": 0.12369625060000002,
      "max": 0.1285741286,
      "times": [
        0.12466260560000002,
        0.1252928016,
        0.1252271776,
        0.12497313460000002,
        0.1239042156,
        0.1250965226,
        0.12369625060000002,
        0.1247905116,
        0.1247815546,
        0.1254539086,
        0.12511360459999998,
        0.1257860786,
        0.12447768160000001,
        0.12499808260000002,
        0.1250565816,
        0.1254960016,
        0.1255402746,
        0.1254883786,
        0.1247874596,
        0.12683718659999998,
        0.12525012359999999,
        0.1285741286,
        0.1267052696
      ],
      "memory_usage_byte": [
        70623232,
        70623232,
        70623232,
        70623232,
        70623232,
        70623232,
        70623232,
        70623232,
        70623232,
        70623232,
        70623232,
        70623232,
        70623232,
        70623232,
        70623232,
        70623232,
        70623232,
        70623232,
        70623232,
        70623232,
        70623232,
        70623232,
        70623232
      ],
      "exit_codes": [
        0,
        0,
        0,
        0,
        0,
        0,
        0,
        0,
        0,
        0,
        0,
        0,
        0,
        0,
        0,
        0,
        0,
        0,
        0,
        0,
        0,
        0,
        0
      ]
    }
  ]
}
