{
  "results": [
    {
      "command": "./bin/yuku files/antd.js",
      "mean": 0.042717885092207794,
      "stddev": 0.017864946709435205,
      "median": 0.036929994300000005,
      "user": 0.03429628129870128,
      "system": 0.005841763116883116,
      "min": 0.022262078300000005,
      "max": 0.0866627863,
      "times": [
        0.0257362033,
        0.0687419533,
        0.0453673703,
        0.07485482830000001,
        0.0657870363,
        0.024555578300000002,
        0.029695453300000004,
        0.024720536300000002,
        0.023295828300000005,
        0.023346245300000002,
        0.028312703300000002,
        0.028516161300000006,
        0.05476291130000001,
        0.08473587030000002,
        0.062255703300000007,
        0.0866627863,
        0.07301549530000001,
        0.0538904533,
        0.0328170783,
        0.0372177863,
        0.0265472033,
        0.026346787300000004,
        0.0319502443,
        0.0312889953,
        0.0733798283,
        0.08149557830000001,
        0.0295182453,
        0.031664287299999996,
        0.07758537030000001,
        0.0787713703,
        0.05466828730000001,
        0.03308195330000001,
        0.0349099943,
        0.0664666193,
        0.0775117443,
        0.0312397453,
        0.038869161299999996,
        0.04615128730000001,
        0.047681037300000007,
        0.07455153630000001,
        0.05693666130000001,
        0.0476053283,
        0.0375437453,
        0.036671953300000004,
        0.0510959953,
        0.028935286300000005,
        0.0406635363,
        0.0424660783,
        0.05128053630000001,
        0.030000953300000004,
        0.04047686930000001,
        0.031221745300000003,
        0.0309601613,
        0.0294559533,
        0.025732203300000003,
        0.036057786300000005,
        0.0407601613,
        0.0721184113,
        0.04118616130000001,
        0.0298507033,
        0.029928078300000004,
        0.03865370330000001,
        0.0415782453,
        0.0300628283,
        0.024748453300000004,
        0.0287894533,
        0.036929994300000005,
        0.034668495300000005,
        0.039210661300000005,
        0.03853466130000001,
        0.03746932830000001,
        0.029880369300000004,
        0.028069620300000004,
        0.028605245300000002,
        0.022262078300000005,
        0.0260268703,
        0.030871578300000004
      ],
      "memory_usage_byte": [
        32522240,
        32522240,
        32522240,
        32522240,
        32522240,
        32522240,
        32522240,
        32522240,
        32522240,
        32522240,
        32522240,
        32522240,
        32522240,
        32522240,
        32522240,
        32522240,
        32522240,
        32522240,
        32522240,
        32522240,
        32522240,
        32522240,
        32522240,
        32522240,
        32522240,
        32522240,
        32522240,
        32522240,
        32522240,
        32571392,
        32571392,
        32571392,
        32571392,
        32571392,
        32571392,
        32571392,
        32571392,
        32571392,
        32571392,
        32571392,
        32571392,
        32571392,
        32571392,
        32571392,
        32571392,
        32571392,
        32571392,
        32571392,
        32571392,
        32571392,
        32571392,
        32571392,
        32571392,
        32571392,
        32571392,
        32571392,
        32571392,
        32571392,
        32571392,
        32571392,
        32571392,
        32571392,
        32571392,
        32571392,
        32571392,
        32571392,
        32571392,
        32571392,
        32571392,
        32571392,
        32571392,
        32571392,
        32571392,
        32571392,
        32571392,
        32571392,
        32571392
      ],
      "exit_codes": [
        0,
        0,
        0,
        0,
        0,
        0,
        0,
        0,
        0,
        0,
        0,
        0,
        0,
        0,
        0,
        0,
        0,
        0,
        0,
        0,
        0,
        0,
        0,
        0,
        0,
        0,
        0,
        0,
        0,
        0,
        0,
        0,
        0,
        0,
        0,
        0,
        0,
        0,
        0,
        0,
        0,
        0,
        0,
        0,
        0,
        0,
        0,
        0,
        0,
        0,
        0,
        0,
        0,
        0,
        0,
        0,
        0,
        0,
        0,
        0,
        0,
        0,
        0,
        0,
        0,
        0,
        0,
        0,
        0,
        0,
        0,
        0,
        0,
        0,
        0,
        0,
        0
      ]
    },
    {
      "command": "./bin/oxc files/antd.js",
      "mean": 0.049534821355555564,
      "stddev": 0.014802115354574064,
      "median": 0.04549399480000001,
      "user": 0.03781549666666667,
      "system": 0.008495741111111113,
      "min": 0.029642536300000005,
      "max": 0.08378407830000001,
      "times": [
        0.06921257830000001,
        0.07335137030000001,
        0.0704970783,
        0.05579778630000001,
        0.052855619300000004,
        0.029642536300000005,
        0.0387051613,
        0.0354203283,
        0.0452116613,
        0.029840453300000003,
        0.04574528630000001,
        0.04838637030000001,
        0.06977782830000001,
        0.0754497033,
        0.05483282830000001,
        0.045242703300000006,
        0.08378407830000001,
        0.0689493703,
        0.057349120300000014,
        0.043088912300000004,
        0.0396244533,
        0.0316326613,
        0.0360523693,
        0.0441718703,
        0.031820162299999996,
        0.040723953300000004,
        0.06911612030000001,
        0.047058203300000004,
        0.03992941230000001,
        0.030166369300000006,
        0.053550328300000005,
        0.037945578300000005,
        0.0368874953,
        0.0416668283,
        0.05599811930000001,
        0.05376887030000001
      ],
      "memory_usage_byte": [
        43040768,
        43040768,
        43040768,
        43040768,
        43040768,
        43040768,
        43040768,
        43040768,
        43040768,
        43040768,
        43040768,
        43040768,
        43040768,
        43040768,
        43040768,
        43040768,
        43040768,
        43040768,
        43040768,
        43040768,
        43040768,
        43040768,
        43040768,
        43040768,
        43040768,
        43040768,
        43040768,
        43040768,
        43040768,
        43040768,
        43040768,
        43040768,
        43040768,
        43040768,
        43040768,
        43040768
      ],
      "exit_codes": [
        0,
        0,
        0,
        0,
        0,
        0,
        0,
        0,
        0,
        0,
        0,
        0,
        0,
        0,
        0,
        0,
        0,
        0,
        0,
        0,
        0,
        0,
        0,
        0,
        0,
        0,
        0,
        0,
        0,
        0,
        0,
        0,
        0,
        0,
        0,
        0
      ]
    },
    {
      "command": "./bin/swc files/antd.js",
      "mean": 0.08780317426666669,
      "stddev": 0.011184946276366181,
      "median": 0.08590282880000001,
      "user": 0.07703131333333332,
      "system": 0.01197301333333333,
      "min": 0.06253978730000001,
      "max": 0.11890666130000002,