{
  "results": [
    {
      "command": "./bin/yuku_antd",
      "mean": 0.06116567040916667,
      "stddev": 0.00047227038973336386,
      "median": 0.061108457680000006,
      "user": 0.04896366583333334,
      "system": 0.012150913333333334,
      "min": 0.06039039618000001,
      "max": 0.06334309318,
      "times": [
        0.06125500918000001,
        0.06097223518000001,
        0.06111343718000001,
        0.06177641718000001,
        0.06102269918000001,
        0.06067634618000001,
        0.06077806518000001,
        0.06121682918000001,
        0.061058626180000006,
        0.06101841118,
        0.060819041180000005,
        0.060524285180000005,
        0.06039039618000001,
        0.061632360180000005,
        0.061388938180000005,
        0.060873081180000004,
        0.060958280180000005,
        0.060987203180000005,
        0.061220486180000006,
        0.060880185180000004,
        0.061157409180000004,
        0.06071938618000001,
        0.06060832018000001,
        0.06062755618000001,
        0.06076792718000001,
        0.06334309318,
        0.06123764718000001,
        0.061143643180000005,
        0.06155549718,
        0.06092003918,
        0.061505935180000006,
        0.061268024180000005,
        0.061015676180000006,
        0.06112428718000001,
        0.061402544180000004,
        0.06108179918000001,
        0.061103478180000004,
        0.06126278418,
        0.061133113180000004,
        0.06195835518,
        0.061058325180000005,
        0.06200498118000001,
        0.06147960718000001,
        0.061070477180000006,
        0.06136759918,
        0.060705062180000005,
        0.06126963818,
        0.06149764118000001
      ],
      "memory_usage_byte": [
        31944704,
        31944704,
        31944704,
        31944704,
        31944704,
        31944704,
        31944704,
        31944704,
        31944704,
        31944704,
        31944704,
        31944704,
        31944704,
        31944704,
        31944704,
        31944704,
        31944704,
        31944704,
        31944704,
        31944704,
        31944704,
        31944704,
        31944704,
        31944704,
        31944704,
        31944704,
        31944704,
        31944704,
        31944704,
        31944704,
        31944704,
        31944704,
        31944704,
        31944704,
        31944704,
        31944704,
        31944704,
        31944704,
        31944704,
        31944704,
        31944704,
        31944704,
        31944704,
        31944704,
        31944704,
        31944704,
        31944704,
        31944704
      ],
      "exit_codes": [
        0,
        0,
        0,
        0,
        0,
        0,
        0,
        0,
        0,
        0,
        0,
        0,
        0,
        0,
        0,
        0,
        0,
        0,
        0,
        0,
        0,
        0,
        0,
        0,
        0,
        0,
        0,
        0,
        0,
        0,
        0,
        0,
        0,
        0,
        0,
        0,
        0,
        0,
        0,
        0,
        0,
        0,
        0,
        0,
        0,
        0,
        0,
        0
      ]
    },
    {
      "command": "./bin/oxc_antd",
      "mean": 0.060642059096666666,
      "stddev": 0.00048039388898999215,
      "median": 0.06065537268,
      "user": 0.04342958249999999,
      "system": 0.017167538333333333,
      "min": 0.059712231180000006,
      "max": 0.061611779180000006,
      "times": [
        0.06092064618,
        0.06095912718,
        0.060807786180000004,
        0.060815019180000006,
        0.060922670180000006,
        0.060890890180000004,
        0.061219511180000005,
        0.06159463718,
        0.061122961180000004,
        0.06098421418,
        0.06097248218,
        0.06118113918,
        0.061611779180000006,
        0.061305741180000005,
        0.06066669318,
        0.06081294518000001,
        0.06087242618000001,
        0.06136093318000001,
        0.06120301018,
        0.060338484180000006,
        0.06056527518,
        0.06049485418,
        0.060885180180000005,
        0.06059536118000001,
        0.06001017418000001,
        0.060546962180000004,
        0.05993964318,
        0.059712231180000006,
        0.06038551218,
        0.060510203180000006,
        0.059857651180000006,
        0.06007808018000001,
        0.06048413518,
        0.06091542618,
        0.06066860818000001,
        0.060062091180000006,
        0.059957156180000006,
        0.06009922018,
        0.05997625218,
        0.06047975718,
        0.06027004718000001,
        0.06034773218,
        0.06037038318000001,
        0.05999961518000001,
        0.060092177180000005,
        0.06123819518,
        0.06106976318000001,
        0.060644052180000005
      ],
      "memory_usage_byte": [
        42971136,
        42971136,
        42971136,
        42971136,
        42971136,
        42971136,
        42971136,
        42971136,
        42971136,
        42971136,
        42971136,
        42971136,
        42971136,
        42971136,
        42971136,
        42971136,
        42971136,
        42971136,
        42971136,
        42971136,
        42971136,
        42971136,
        42971136,
        42971136,
        42971136,
        42971136,
        42971136,
        42971136,
        42971136,
        42971136,
        42971136,
        42971136,
        42971136,
        42971136,
        42971136,
        42971136,
        42971136,
        42971136,
        42971136,
        42971136,
        42971136,
        42971136,
        42971136,
        42971136,
        42971136,
        42971136,
        42971136,
        42971136
      ],
      "exit_codes": [
        0,
        0,
        0,
        0,
        0,
        0,
        0,
        0,
        0,
        0,
        0,
        0,
        0,
        0,
        0,
        0,
        0,
        0,
        0,
        0,
        0,
        0,
        0,
        0,
        0,
        0,
        0,
        0,
        0,
        0,
        0,
        0,
        0,
        0,
        0,
        0,
        0,
        0,
        0,
        0,
        0,
        0,
        0,
        0,
        0,
        0,
        0,
        0
      ]
    },
    {
      "command": "./bin/swc_antd",
      "mean": 0.1278717103539131,
      "stddev": 0.0014463582847567583,
      "median": 0.12779120118,
      "user": 0.0958580852173913,
      "system": 0.0319441452173913,
      "min": 0.12503105518000002,
      "max": 0.13110064718000003,
      "times": [
        0.12716840418000003,
        0.12800536818000002,
        0.12789631618000002,
        0.12779120118,
        0.12597767218000003,
        0.12711435418000003,
        0.12723395618000002,
        0.12853041318000002,
        0.12861174418000001,
        0.12759383418,
        0.12697257018000002,
        0.12791929818000003,
        0.12503105518000002,
        0.12750396718,
        0.12713626418,
        0.12601594618,
        0.12825018418,
        0.12679491018000003,
        0.13048162718,
        0.12867854818000002,
        0.12873488318,
        0.13050617318000002,
        0.13110064718000003
      ],
      "memory_usage_byte": [
        70574080,
        70574080,
        70574080,
        70574080,
        70574080,
        70574080,
        70574080,
        70574080,
        70574080,
        70574080,
        70574080,
        70574080,
        70574080,
        70574080,
        70574080,
        70574080,
        70574080,
        70574080,
        70574080,
        70574080,
        70574080,
        70574080,
        70574080
      ],
      "exit_codes": [
        0,
        0,
        0,
        0,
        0,
        0,
        0,
        0,
        0,
        0,
        0,
        0,
        0,
        0,
        0,
        0,
        0,
        0,
        0,
        0,
        0,
        0,
        0
      ]
    }
  ]
}
