{
  "results": [
    {
      "command": "./bin/yuku files/antd.js",
      "mean": 0.06321415298173914,
      "stddev": 0.0005824695770392944,
      "median": 0.06300607196,
      "user": 0.04613018,
      "system": 0.017047462608695652,
      "min": 0.062478668960000004,
      "max": 0.06557242796000001,
      "times": [
        0.06336396996000002,
        0.06298323896000001,
        0.06336423996000001,
        0.06557242796000001,
        0.06406432296000002,
        0.06381369896000001,
        0.06302874396000001,
        0.06284483096000001,
        0.06283605496000001,
        0.06306851796000001,
        0.06296788096000001,
        0.06338797396000001,
        0.06386500396000001,
        0.06339669996000001,
        0.06298339996,
        0.06332592896000001,
        0.06389259196000001,
        0.06413188096000001,
        0.06420082996000001,
        0.06435735196000002,
        0.06291652496000001,
        0.06285266596000001,
        0.06310905396000001,
        0.06397415796000001,
        0.06306173596,
        0.06286197396000001,
        0.06283714696,
        0.06292858796,
        0.06265059896000001,
        0.06272725196000001,
        0.06278446896,
        0.06336622396000001,
        0.06311800096,
        0.06287920496,
        0.06281453496000002,
        0.06310413496000002,
        0.06293881596,
        0.06272055996,
        0.062478668960000004,
        0.06290043396000002,
        0.06278649196000001,
        0.06319355196000001,
        0.06304575596,
        0.06271823496000001,
        0.06270158396000002,
        0.06293108296000001
      ],
      "memory_usage_byte": [
        32006144,
        32006144,
        32006144,
        32006144,
        32006144,
        32006144,
        32006144,
        32006144,
        32006144,
        32006144,
        32006144,
        32006144,
        32006144,
        32006144,
        32006144,
        32006144,
        32006144,
        32006144,
        32006144,
        32006144,
        32006144,
        32006144,
        32006144,
        32006144,
        32006144,
        32006144,
        32006144,
        32006144,
        32006144,
        32006144,
        32006144,
        32006144,
        32006144,
        32006144,
        32006144,
        32006144,
        32006144,
        32006144,
        32006144,
        32006144,
        32006144,
        32006144,
        32006144,
        32006144,
        32006144,
        32006144
      ],
      "exit_codes": [
        0,
        0,
        0,
        0,
        0,
        0,
        0,
        0,
        0,
        0,
        0,
        0,
        0,
        0,
        0,
        0,
        0,
        0,
        0,
        0,
        0,
        0,
        0,
        0,
        0,
        0,
        0,
        0,
        0,
        0,
        0,
        0,
        0,
        0,
        0,
        0,
        0,
        0,
        0,
        0,
        0,
        0,
        0,
        0,
        0,
        0
      ]
    },
    {
      "command": "./bin/oxc files/antd.js",
      "mean": 0.06354577537304348,
      "stddev": 0.0004230487103234,
      "median": 0.06346525746000001,
      "user": 0.041630158260869556,
      "system": 0.02186113652173913,
      "min": 0.06293197696000001,
      "max": 0.06516482696,
      "times": [
        0.06369448496,
        0.06424016296000001,
        0.06348994396000002,
        0.06352028096000001,
        0.06338630096000002,
        0.06338197196,
        0.06360690196,
        0.06344305596000001,
        0.06367819496,
        0.06375770296000001,
        0.06293197696000001,
        0.06311608596000001,
        0.06516482696,
        0.06346565896,
        0.06337258496,
        0.06322618196000002,
        0.06352506896000001,
        0.06362835196000001,
        0.06385500396,
        0.06359578196000001,
        0.06334242796000002,
        0.06337813496000001,
        0.06380507096000002,
        0.06336190496,
        0.06331096996,
        0.06318892196,
        0.06346485596000001,
        0.06358266596,
        0.06348643696,
        0.06358807996000002,
        0.06359713396000001,
        0.06334726696000001,
        0.06366318696,
        0.06302182096000002,
        0.06324195096000002,
        0.06331076996000001,
        0.06339433596,
        0.06313136496,
        0.06332047796000001,
        0.06326342096000001,
        0.06310594796,
        0.06357704596000001,
        0.06380678696000001,
        0.06342185596000001,
        0.06446001296000001,
        0.06485229396000002
      ],
      "memory_usage_byte": [
        43065344,
        43065344,
        43065344,
        43065344,
        43065344,
        43065344,
        43065344,
        43065344,
        43065344,
        43065344,
        43065344,
        43065344,
        43065344,
        43065344,
        43065344,
        43065344,
        43065344,
        43065344,
        43065344,
        43065344,
        43065344,
        43065344,
        43065344,
        43065344,
        43065344,
        43065344,
        43065344,
        43065344,
        43065344,
        43065344,
        43065344,
        43065344,
        43065344,
        43065344,
        43065344,
        43065344,
        43065344,
        43065344,
        43065344,
        43065344,
        43065344,
        43065344,
        43065344,
        43065344,
        43065344,
        43065344
      ],
      "exit_codes": [
        0,
        0,
        0,
        0,
        0,
        0,
        0,
        0,
        0,
        0,
        0,
        0,
        0,
        0,
        0,
        0,
        0,
        0,
        0,
        0,
        0,
        0,
        0,
        0,
        0,
        0,
        0,
        0,
        0,
        0,
        0,
        0,
        0,
        0,
        0,
        0,
        0,
        0,
        0,
        0,
        0,
        0,
        0,
        0,
        0,
        0
      ]
    },
    {
      "command": "./bin/swc files/antd.js",
      "mean": 0.1241344457426087,
      "stddev": 0.0009653347127425854,
      "median": 0.12435753596,
      "user": 0.09128909304347828,
      "system": 0.0327650495652174,
      "min": 0.12190147596000002,
      "max": 0.12593670096,
      "times": [
        0.12435753596,
        0.12432237996000002,
        0.12580537696,
        0.12420332796000001,
        0.12403619696000001,
        0.12316177596000001,
        0.12378803496000002,
        0.12291399396000001,
        0.12461309296000002,
        0.12190147596000002,
        0.12366824996000002,
        0.12472152496000001,
        0.12325759496000001,
        0.12308238796000001,
        0.12277792096000001,
        0.12449864896000003,
        0.12476128896000001,
        0.12490525796,
        0.12593670096,
        0.12510154396,
        0.12439316296000001,
        0.12441744696000002,
        0.12446733096000002
      ],
      "memory_usage_byte": [
        70651904,
        70651904,
        70651904,
        70651904,
        70651904,
        70651904,
        70651904,
        70651904,
        70651904,
        70651904,
        70651904,
        70651904,
        70651904,
        70651904,
        70651904,
        70651904,
        70651904,
        70651904,
        70651904,
        70651904,
        70651904,
        70651904,
        70651904
      ],
      "exit_codes": [
        0,
        0,
        0,
        0,
        0,
        0,
        0,
        0,
        0,
        0,
        0,
        0,
        0,
        0,
        0,
        0,
        0,
        0,
        0,
        0,
        0,
        0,
        0
      ]
    }
  ]
}
