{
  "results": [
    {
      "command": "./bin/yuku files/antd.js",
      "mean": 0.06325856349531918,
      "stddev": 0.00042012250744289796,
      "median": 0.06318062124000001,
      "user": 0.047500928936170216,
      "system": 0.01568366765957447,
      "min": 0.06284877024,
      "max": 0.06557468924000001,
      "times": [
        0.06305766124000001,
        0.06292812824,
        0.06311327624,
        0.06326132224000001,
        0.06310344624000001,
        0.06297015724,
        0.06310521024000001,
        0.06294939824000001,
        0.06334980824000001,
        0.06355656524,
        0.06298449424000001,
        0.06311919624000001,
        0.06317178424000001,
        0.06331146624,
        0.06331850024,
        0.06354888024000001,
        0.06310936724,
        0.06318062124000001,
        0.06344985524,
        0.06332111424,
        0.06317100424000001,
        0.06315874124000001,
        0.06329707924000001,
        0.06325151324,
        0.06297170024000001,
        0.06331642524,
        0.06324950024,
        0.06324342924000001,
        0.06321297224000001,
        0.06405000724000001,
        0.06381547924000001,
        0.06339359924000001,
        0.06284877024,
        0.06319456824000001,
        0.06348532124,
        0.06321086824000001,
        0.06298772024,
        0.06306494424,
        0.06301791724000001,
        0.06292242824000001,
        0.06294622224,
        0.06294894724000001,
        0.06308577424,
        0.06296712224,
        0.06324872824000001,
        0.06360675924,
        0.06557468924000001
      ],
      "memory_usage_byte": [
        31207424,
        31207424,
        31207424,
        31207424,
        31207424,
        31207424,
        31207424,
        31207424,
        31207424,
        31207424,
        31207424,
        31207424,
        31207424,
        31207424,
        31207424,
        31207424,
        31207424,
        31207424,
        31207424,
        31207424,
        31207424,
        31207424,
        31207424,
        31207424,
        31207424,
        31207424,
        31207424,
        31207424,
        31207424,
        31207424,
        31207424,
        31207424,
        31207424,
        31207424,
        31207424,
        31207424,
        31207424,
        31207424,
        31207424,
        31207424,
        31207424,
        31207424,
        31207424,
        31207424,
        31207424,
        31207424,
        31207424
      ],
      "exit_codes": [
        0,
        0,
        0,
        0,
        0,
        0,
        0,
        0,
        0,
        0,
        0,
        0,
        0,
        0,
        0,
        0,
        0,
        0,
        0,
        0,
        0,
        0,
        0,
        0,
        0,
        0,
        0,
        0,
        0,
        0,
        0,
        0,
        0,
        0,
        0,
        0,
        0,
        0,
        0,
        0,
        0,
        0,
        0,
        0,
        0,
        0,
        0
      ]
    },
    {
      "command": "./bin/oxc files/antd.js",
      "mean": 0.06401340526173914,
      "stddev": 0.00033464526170017255,
      "median": 0.06399298974,
      "user": 0.041440171304347816,
      "system": 0.022505974782608695,
      "min": 0.06361015424000001,
      "max": 0.06563314724000001,
      "times": [
        0.06371625224000001,
        0.06398949324000001,
        0.06364784324,
        0.06399648624000001,
        0.06364195324000001,
        0.06374693924000001,
        0.06400735524000001,
        0.06390351224,
        0.06380326424,
        0.06369195624000001,
        0.06387807424000001,
        0.06397426424000001,
        0.06379222324000001,
        0.06389313224000001,
        0.06383327024,
        0.06397164924000001,
        0.06396328324,
        0.06408193624000001,
        0.06401311724000001,
        0.06361015424000001,
        0.06406186824000001,
        0.06392226724000001,
        0.06421605424000001,
        0.06501053324,
        0.06563314724000001,
        0.06407326924000001,
        0.06373816324,
        0.06405706924000001,
        0.06406383124000001,
        0.06403294424000001,
        0.06410507824,
        0.06401979924000001,
        0.06437737824,
        0.06407811824000001,
        0.06392727724000001,
        0.06401146324000001,
        0.06377456024000001,
        0.06428907224000001,
        0.06410575024000001,
        0.06380957524000001,
        0.06405613724,
        0.06392701524000001,
        0.06384615424000001,
        0.06417786524,
        0.06406963424,
        0.06407645624000001
      ],
      "memory_usage_byte": [
        43065344,
        43065344,
        43065344,
        43065344,
        43065344,
        43065344,
        43065344,
        43065344,
        43065344,
        43065344,
        43065344,
        43065344,
        43065344,
        43065344,
        43065344,
        43065344,
        43065344,
        43065344,
        43065344,
        43065344,
        43065344,
        43065344,
        43065344,
        43065344,
        43065344,
        43065344,
        43065344,
        43065344,
        43065344,
        43065344,
        43065344,
        43065344,
        43065344,
        43065344,
        43065344,
        43065344,
        43065344,
        43065344,
        43065344,
        43065344,
        43065344,
        43065344,
        43065344,
        43065344,
        43065344,
        43065344
      ],
      "exit_codes": [
        0,
        0,
        0,
        0,
        0,
        0,
        0,
        0,
        0,
        0,
        0,
        0,
        0,
        0,
        0,
        0,
        0,
        0,
        0,
        0,
        0,
        0,
        0,
        0,
        0,
        0,
        0,
        0,
        0,
        0,
        0,
        0,
        0,
        0,
        0,
        0,
        0,
        0,
        0,
        0,
        0,
        0,
        0,
        0,
        0,
        0
      ]
    },
    {
      "command": "./bin/swc files/antd.js",
      "mean": 0.12753082663130438,
      "stddev": 0.0018482327801515913,
      "median": 0.12696252424,
      "user": 0.09372151913043479,
      "system": 0.033721366086956514,
      "min": 0.12539865924000002,
      "max": 0.13270119024000002,
      "times": [
        0.12666137124000001,
        0.12617161524,
        0.12678358824000002,
        0.12642012024000002,
        0.12730519224,
        0.12940845624000002,
        0.12780609024,
        0.12696252424,
        0.12689786324000002,
        0.12539865924000002,
        0.12557724424000002,
        0.12976854024,
        0.13158489524,
        0.12723839124,
        0.12714324224,
        0.12853433124000002,
        0.12604218224000002,
        0.12673767324000001,
        0.12653144824,
        0.12871284924,
        0.13270119024000002,
        0.12706230124,
        0.12575924324
      ],
      "memory_usage_byte": [
        70660096,
        70660096,
        70660096,
        70660096,
        70660096,
        70660096,
        70660096,
        70660096,
        70660096,
        70660096,
        70660096,
        70660096,
        70660096,
        70660096,
        70660096,
        70660096,
        70660096,
        70660096,
        70660096,
        70660096,
        70660096,
        70660096,
        70660096
      ],
      "exit_codes": [
        0,
        0,
        0,
        0,
        0,
        0,
        0,
        0,
        0,
        0,
        0,
        0,
        0,
        0,
        0,
        0,
        0,
        0,
        0,
        0,
        0,
        0,
        0
      ]
    }
  ]
}
