{
  "results": [
    {
      "command": "./bin/yuku files/antd.js",
      "mean": 0.0627848434131915,
      "stddev": 0.0009399745822100445,
      "median": 0.06263634986000001,
      "user": 0.04614899999999999,
      "system": 0.01659970595744681,
      "min": 0.06220403286000001,
      "max": 0.06864211586,
      "times": [
        0.06304061586000001,
        0.06337246586,
        0.06349690886,
        0.06268451086,
        0.06256969586000001,
        0.06265826186000001,
        0.06238843686000001,
        0.06286051986,
        0.06235472386,
        0.06308954786000001,
        0.06286438686000001,
        0.062423452860000006,
        0.06864211586,
        0.06229214686000001,
        0.06249528686,
        0.06263634986000001,
        0.06265034686000001,
        0.062491189860000004,
        0.06247723286000001,
        0.06220403286000001,
        0.06223289686000001,
        0.06229632486,
        0.06226007686,
        0.06327496386,
        0.06290883986000001,
        0.06265027686,
        0.06240972686,
        0.06271940586000001,
        0.06263597986000001,
        0.06232454786000001,
        0.06226760086000001,
        0.06224372686,
        0.06249902386,
        0.06272602786,
        0.06287969586,
        0.06283238686,
        0.062229109860000006,
        0.06239311586,
        0.06234548686000001,
        0.06225466686,
        0.06252758686000001,
        0.06347361586,
        0.06276405886,
        0.06293284486,
        0.06300445886,
        0.06287853386,
        0.06323043086
      ],
      "memory_usage_byte": [
        32014336,
        32014336,
        32014336,
        32014336,
        32014336,
        32014336,
        32014336,
        32014336,
        32014336,
        32014336,
        32014336,
        32014336,
        32014336,
        32014336,
        32014336,
        32014336,
        32014336,
        32014336,
        32014336,
        32014336,
        32014336,
        32014336,
        32014336,
        32014336,
        32014336,
        32014336,
        32014336,
        32014336,
        32014336,
        32014336,
        32014336,
        32014336,
        32014336,
        32014336,
        32014336,
        32014336,
        32014336,
        32014336,
        32014336,
        32014336,
        32014336,
        32014336,
        32014336,
        32014336,
        32014336,
        32014336,
        32014336
      ],
      "exit_codes": [
        0,
        0,
        0,
        0,
        0,
        0,
        0,
        0,
        0,
        0,
        0,
        0,
        0,
        0,
        0,
        0,
        0,
        0,
        0,
        0,
        0,
        0,
        0,
        0,
        0,
        0,
        0,
        0,
        0,
        0,
        0,
        0,
        0,
        0,
        0,
        0,
        0,
        0,
        0,
        0,
        0,
        0,
        0,
        0,
        0,
        0,
        0
      ]
    },
    {
      "command": "./bin/oxc files/antd.js",
      "mean": 0.06298075239191489,
      "stddev": 0.0005151926412622535,
      "median": 0.06293158186,
      "user": 0.04166144680851063,
      "system": 0.021269748510638294,
      "min": 0.062018974860000006,
      "max": 0.06430596086000001,
      "times": [
        0.06236459186,
        0.06247710086000001,
        0.06234340186000001,
        0.062018974860000006,
        0.06265655686,
        0.06394341086000001,
        0.06227043786,
        0.06345641186,
        0.06282434086000001,
        0.06282119486,
        0.06293396586000001,
        0.06311636686000001,
        0.06293158186,
        0.06280438386000001,
        0.06347240186,
        0.06350284786,
        0.06257077686000001,
        0.062403654860000005,
        0.06276414786000001,
        0.06247630986000001,
        0.06294273186,
        0.06310434486000001,
        0.06282296786000001,
        0.06295614786,
        0.06313778686,
        0.06332295286,
        0.06299152386000001,
        0.06287530686000001,
        0.06365616586,
        0.06366557586,
        0.06343056386000001,
        0.06262624086,
        0.06225658986,
        0.06273934186,
        0.062137466860000004,
        0.06267494186,
        0.06317524686,
        0.06398397986000001,
        0.06430596086000001,
        0.06357990286000001,
        0.06336492086,
        0.06343488186,
        0.06355999586000001,
        0.06262514786000001,
        0.06313484086,
        0.06292966586000001,
        0.06250730886
      ],
      "memory_usage_byte": [
        43065344,
        43065344,
        43065344,
        43065344,
        43065344,
        43065344,
        43065344,
        43065344,
        43065344,
        43065344,
        43065344,
        43065344,
        43065344,
        43065344,
        43065344,
        43065344,
        43065344,
        43065344,
        43065344,
        43065344,
        43065344,
        43065344,
        43065344,
        43065344,
        43065344,
        43065344,
        43065344,
        43065344,
        43065344,
        43065344,
        43065344,
        43065344,
        43065344,
        43065344,
        43065344,
        43065344,
        43065344,
        43065344,
        43065344,
        43065344,
        43065344,
        43065344,
        43065344,
        43065344,
        43065344,
        43065344,
        43065344
      ],
      "exit_codes": [
        0,
        0,
        0,
        0,
        0,
        0,
        0,
        0,
        0,
        0,
        0,
        0,
        0,
        0,
        0,
        0,
        0,
        0,
        0,
        0,
        0,
        0,
        0,
        0,
        0,
        0,
        0,
        0,
        0,
        0,
        0,
        0,
        0,
        0,
        0,
        0,
        0,
        0,
        0,
        0,
        0,
        0,
        0,
        0,
        0,
        0,
        0
      ]
    },
    {
      "command": "./bin/swc files/antd.js",
      "mean": 0.12290793086,
      "stddev": 0.0009577157001318039,
      "median": 0.12275537386000002,
      "user": 0.08887816666666665,
      "system": 0.03395614833333334,
      "min": 0.12164422286000001,
      "max": 0.12466113086,
      "times": [
        0.12422107586000002,
        0.12237540886,
        0.12236335586000001,
        0.12189272686000001,
        0.12362040486,
        0.12295425086,
        0.12201229086000001,
        0.12164422286000001,
        0.12271430286000001,
        0.12320282486,
        0.12275062086,
        0.12201568686000001,
        0.12198725386,
        0.12172826986000002,
        0.12336091086,
        0.12395769586000001,
        0.12214553886000001,
        0.12442492186000001,
        0.12450177286,
        0.12354625686000001,
        0.12174699386000001,
        0.12466113086,
        0.12320229586,
        0.12276012686000001
      ],
      "memory_usage_byte": [
        70664192,
        70664192,
        70664192,
        70664192,
        70664192,
        70664192,
        70664192,
        70664192,
        70664192,
        70664192,
        70664192,
        70664192,
        70664192,
        70664192,
        70664192,
        70664192,
        70664192,
        70664192,
        70664192,
        70664192,
        70664192,
        70664192,
        70664192,
        70664192
      ],
      "exit_codes": [
        0,
        0,
        0,
        0,
        0,
        0,
        0,
        0,
        0,
        0,
        0,
        0,
        0,
        0,
        0,
        0,
        0,
        0,
        0,
        0,
        0,
        0,
        0,
        0
      ]
    }
  ]
}
