{
  "results": [
    {
      "command": "./bin/yuku files/antd.js",
      "mean": 0.06441038761739132,
      "stddev": 0.00043562661395606903,
      "median": 0.0642849899,
      "user": 0.04898224695652174,
      "system": 0.015377606086956517,
      "min": 0.0637896189,
      "max": 0.0657071639,
      "times": [
        0.0641708209,
        0.0637896189,
        0.0642364149,
        0.0657071639,
        0.0648457939,
        0.0647170229,
        0.0644314389,
        0.0646006549,
        0.0644416179,
        0.0649907149,
        0.0649452989,
        0.0649926879,
        0.0643961159,
        0.0640684799,
        0.0653953509,
        0.0647605249,
        0.0652594469,
        0.06411387489999999,
        0.0645144839,
        0.0642812779,
        0.0645536479,
        0.0643120059,
        0.0641944759,
        0.0646259929,
        0.0642166179,
        0.0647750009,
        0.0641829339,
        0.0642672729,
        0.0641878129,
        0.06412109889999999,
        0.0641455849,
        0.0639471839,
        0.0639685439,
        0.0638270189,
        0.0639307629,
        0.0644716739,
        0.0644576949,
        0.0642887019,
        0.0641627769,
        0.0651377099,
        0.0644563349,
        0.0638936429,
        0.0640723769,
        0.0639949829,
        0.0641235539,
        0.0639036229
      ],
      "memory_usage_byte": [
        32112640,
        32112640,
        32112640,
        32112640,
        32112640,
        32112640,
        32112640,
        32112640,
        32112640,
        32112640,
        32112640,
        32112640,
        32112640,
        32112640,
        32112640,
        32112640,
        32112640,
        32112640,
        32112640,
        32112640,
        32112640,
        32112640,
        32112640,
        32112640,
        32112640,
        32112640,
        32112640,
        32112640,
        32112640,
        32112640,
        32112640,
        32112640,
        32112640,
        32112640,
        32112640,
        32112640,
        32112640,
        32112640,
        32112640,
        32112640,
        32112640,
        32112640,
        32112640,
        32112640,
        32112640,
        32112640
      ],
      "exit_codes": [
        0,
        0,
        0,
        0,
        0,
        0,
        0,
        0,
        0,
        0,
        0,
        0,
        0,
        0,
        0,
        0,
        0,
        0,
        0,
        0,
        0,
        0,
        0,
        0,
        0,
        0,
        0,
        0,
        0,
        0,
        0,
        0,
        0,
        0,
        0,
        0,
        0,
        0,
        0,
        0,
        0,
        0,
        0,
        0,
        0,
        0
      ]
    },
    {
      "command": "./bin/oxc files/antd.js",
      "mean": 0.06321529072978724,
      "stddev": 0.0009024763012476159,
      "median": 0.0628328319,
      "user": 0.040940394042553195,
      "system": 0.022222407659574464,
      "min": 0.06184392390000001,
      "max": 0.0651510479,
      "times": [
        0.0626671729,
        0.0624901619,
        0.062043726900000006,
        0.06194054490000001,
        0.0625229829,
        0.062208194900000006,
        0.0618959019,
        0.06184392390000001,
        0.0625221019,
        0.0635644199,
        0.0633315549,
        0.0628104409,
        0.0625660739,
        0.06248026290000001,
        0.0628328319,
        0.0625787969,
        0.0634934579,
        0.0638125539,
        0.0628887569,
        0.0627133289,
        0.0627945209,
        0.0627666189,
        0.0634183469,
        0.0625863419,
        0.0626450609,
        0.0625557249,
        0.0626487389,
        0.0627396389,
        0.0631708039,
        0.0626883219,
        0.0626734749,
        0.0631049209,
        0.0628455359,
        0.0629539289,
        0.0637617889,
        0.0641775129,
        0.0642461289,
        0.0646765029,
        0.0643687679,
        0.0645128069,
        0.0646493919,
        0.0647354339,
        0.0648579029,
        0.0646636189,
        0.0651510479,
        0.0642351389,
        0.0642834519
      ],
      "memory_usage_byte": [
        43065344,
        43065344,
        43065344,
        43065344,
        43065344,
        43065344,
        43065344,
        43065344,
        43065344,
        43065344,
        43065344,
        43065344,
        43065344,
        43065344,
        43065344,
        43065344,
        43065344,
        43065344,
        43065344,
        43065344,
        43065344,
        43065344,
        43065344,
        43065344,
        43065344,
        43065344,
        43065344,
        43065344,
        43065344,
        43065344,
        43065344,
        43065344,
        43065344,
        43065344,
        43065344,
        43065344,
        43065344,
        43065344,
        43065344,
        43065344,
        43065344,
        43065344,
        43065344,
        43065344,
        43065344,
        43065344,
        43065344
      ],
      "exit_codes": [
        0,
        0,
        0,
        0,
        0,
        0,
        0,
        0,
        0,
        0,
        0,
        0,
        0,
        0,
        0,
        0,
        0,
        0,
        0,
        0,
        0,
        0,
        0,
        0,
        0,
        0,
        0,
        0,
        0,
        0,
        0,
        0,
        0,
        0,
        0,
        0,
        0,
        0,
        0,
        0,
        0,
        0,
        0,
        0,
        0,
        0,
        0
      ]
    },
    {
      "command": "./bin/swc files/antd.js",
      "mean": 0.12276741564999999,
      "stddev": 0.0011385524864944998,
      "median": 0.1229089589,
      "user": 0.09075695166666665,
      "system": 0.031918988333333335,
      "min": 0.1201109559,
      "max": 0.1249170369,
      "times": [
        0.1225898679,
        0.1240059949,
        0.12306094890000001,
        0.12449173190000001,
        0.12335142090000001,
        0.1240705949,
        0.1249170369,
        0.12316923090000001,
        0.1222603319,
        0.1229508419,
        0.1231665559,
        0.1236531849,
        0.1228670759,
        0.12159917690000001,
        0.1207560219,
        0.1219759809,
        0.1216434299,
        0.1201109559,
        0.1238493949,
        0.1224378609,
        0.1230835229,
        0.1220581939,
        0.1224750609,
        0.1218735589
      ],
      "memory_usage_byte": [
        70631424,
        70631424,
        70631424,
        70631424,
        70631424,
        70631424,
        70631424,
        70631424,
        70631424,
        70631424,
        70631424,
        70631424,
        70631424,
        70631424,
        70631424,
        70631424,
        70631424,
        70631424,
        70631424,
        70631424,
        70631424,
        70631424,
        70631424,
        70631424
      ],
      "exit_codes": [
        0,
        0,
        0,
        0,
        0,
        0,
        0,
        0,
        0,
        0,
        0,
        0,
        0,
        0,
        0,
        0,
        0,
        0,
        0,
        0,
        0,
        0,
        0,
        0
      ]
    }
  ]
}
