{
  "results": [
    {
      "command": "./bin/yuku files/antd.js",
      "mean": 0.06325447710297875,
      "stddev": 0.0003237514002025494,
      "median": 0.06330198672000001,
      "user": 0.046411656595744664,
      "system": 0.016789651063829788,
      "min": 0.06254977272000001,
      "max": 0.06384372172000001,
      "times": [
        0.06292332572,
        0.06276309772000001,
        0.06291619172,
        0.06330379972000001,
        0.06372562272,
        0.06370995472,
        0.06357562272,
        0.06384372172000001,
        0.06308184872,
        0.06347611972,
        0.06330854872000001,
        0.06333824472,
        0.06363007572000001,
        0.06291640272,
        0.06294606672,
        0.06307223072000001,
        0.06325402872000001,
        0.06337361972000001,
        0.06315685772,
        0.06345498072000001,
        0.06320856372,
        0.06359183372,
        0.06349431472,
        0.06336608572,
        0.06350724772,
        0.06322908172000001,
        0.06314614772,
        0.06375676972000001,
        0.06317918972,
        0.06384326072,
        0.06353035972000001,
        0.06335459472,
        0.06340549972000001,
        0.06306660072,
        0.06329075572000001,
        0.06307549772000001,
        0.06302422272000001,
        0.06336225872000001,
        0.06354885472,
        0.06330198672000001,
        0.06349437372000001,
        0.06278445772,
        0.06282736772,
        0.06254977272000001,
        0.06269172572000001,
        0.06286364472,
        0.06269559372000001
      ],
      "memory_usage_byte": [
        32006144,
        32006144,
        32006144,
        32006144,
        32006144,
        32006144,
        32006144,
        32006144,
        32006144,
        32006144,
        32006144,
        32006144,
        32006144,
        32006144,
        32006144,
        32006144,
        32006144,
        32006144,
        32006144,
        32006144,
        32006144,
        32006144,
        32006144,
        32006144,
        32006144,
        32006144,
        32006144,
        32006144,
        32006144,
        32006144,
        32006144,
        32006144,
        32006144,
        32006144,
        32006144,
        32006144,
        32006144,
        32006144,
        32006144,
        32006144,
        32006144,
        32006144,
        32006144,
        32006144,
        32006144,
        32006144,
        32006144
      ],
      "exit_codes": [
        0,
        0,
        0,
        0,
        0,
        0,
        0,
        0,
        0,
        0,
        0,
        0,
        0,
        0,
        0,
        0,
        0,
        0,
        0,
        0,
        0,
        0,
        0,
        0,
        0,
        0,
        0,
        0,
        0,
        0,
        0,
        0,
        0,
        0,
        0,
        0,
        0,
        0,
        0,
        0,
        0,
        0,
        0,
        0,
        0,
        0,
        0
      ]
    },
    {
      "command": "./bin/oxc files/antd.js",
      "mean": 0.06271567686893618,
      "stddev": 0.0005050305656879011,
      "median": 0.06264940272000001,
      "user": 0.04170799702127661,
      "system": 0.02097909787234042,
      "min": 0.06114721772000001,
      "max": 0.06364710472,
      "times": [
        0.06276209172000001,
        0.06351527772,
        0.06364710472,
        0.06261771472000001,
        0.06264940272000001,
        0.06246728472,
        0.06221845372000001,
        0.06315229472,
        0.06231608372000001,
        0.06313983172000001,
        0.06293585372,
        0.06252378072,
        0.06200110072000001,
        0.06257291172,
        0.06286642572000001,
        0.06222265172000001,
        0.062381565720000004,
        0.06311321072000001,
        0.06253771572000001,
        0.06258937172000001,
        0.06312477472000001,
        0.06232412972000001,
        0.062049750720000005,
        0.06339675772,
        0.06252542172,
        0.06261756572,
        0.06250997372,
        0.06297506672,
        0.06274816372,
        0.06114721772000001,
        0.06258245872000001,
        0.06309834672,
        0.06364613072,
        0.06309431672,
        0.06238176672000001,
        0.06316976572,
        0.06276861572,
        0.06287159472,
        0.06312400272,
        0.06222185072,
        0.06281883672000001,
        0.06329600972,
        0.06350685272,
        0.06296276372000001,
        0.06230993372,
        0.06164427872000001,
        0.06249033772000001
      ],
      "memory_usage_byte": [
        43065344,
        43065344,
        43065344,
        43065344,
        43065344,
        43065344,
        43065344,
        43065344,
        43065344,
        43065344,
        43065344,
        43065344,
        43065344,
        43065344,
        43065344,
        43065344,
        43065344,
        43065344,
        43065344,
        43065344,
        43065344,
        43065344,
        43065344,
        43065344,
        43065344,
        43065344,
        43065344,
        43065344,
        43065344,
        43065344,
        43065344,
        43065344,
        43065344,
        43065344,
        43065344,
        43065344,
        43065344,
        43065344,
        43065344,
        43065344,
        43065344,
        43065344,
        43065344,
        43065344,
        43065344,
        43065344,
        43065344
      ],
      "exit_codes": [
        0,
        0,
        0,
        0,
        0,
        0,
        0,
        0,
        0,
        0,
        0,
        0,
        0,
        0,
        0,
        0,
        0,
        0,
        0,
        0,
        0,
        0,
        0,
        0,
        0,
        0,
        0,
        0,
        0,
        0,
        0,
        0,
        0,
        0,
        0,
        0,
        0,
        0,
        0,
        0,
        0,
        0,
        0,
        0,
        0,
        0,
        0
      ]
    },
    {
      "command": "./bin/swc files/antd.js",
      "mean": 0.12158741722000001,
      "stddev": 0.0011030990493371476,
      "median": 0.12164129872000001,
      "user": 0.08887558833333332,
      "system": 0.03262942499999999,
      "min": 0.11875038972000002,
      "max": 0.12314731072000001,
      "times": [
        0.12204886572000001,
        0.12264039072,
        0.12189315572000001,
        0.12075147972000001,
        0.11875038972000002,
        0.12016325972000001,
        0.12124192772,
        0.12211082872000001,
        0.12202356572,
        0.12171193972000001,
        0.12064192672000001,
        0.11986582772000001,
        0.12314731072000001,
        0.12157065772,
        0.12308066772000001,
        0.12286931472000001,
        0.12211119972000001,
        0.12256524172000001,
        0.12142245272,
        0.12108415672000002,
        0.12065334672000001,
        0.12107823472000001,
        0.12153926972000001,
        0.12313260272000001
      ],
      "memory_usage_byte": [
        70692864,
        70692864,
        70692864,
        70692864,
        70692864,
        70692864,
        70692864,
        70692864,
        70692864,
        70692864,
        70692864,
        70692864,
        70692864,
        70692864,
        70692864,
        70692864,
        70692864,
        70692864,
        70692864,
        70692864,
        70692864,
        70692864,
        70692864,
        70692864
      ],
      "exit_codes": [
        0,
        0,
        0,
        0,
        0,
        0,
        0,
        0,
        0,
        0,
        0,
        0,
        0,
        0,
        0,
        0,
        0,
        0,
        0,
        0,
        0,
        0,
        0,
        0
      ]
    }
  ]
}
