{
  "results": [
    {
      "command": "./bin/yuku_antd",
      "mean": 0.0607652215375,
      "stddev": 0.00024605775510496265,
      "median": 0.060695463600000006,
      "user": 0.0478071475,
      "system": 0.012905523333333335,
      "min": 0.0603673636,
      "max": 0.0614387346,
      "times": [
        0.060570887600000005,
        0.0607811316,
        0.06067525260000001,
        0.060651608600000004,
        0.060824712600000004,
        0.060603448600000005,
        0.06070259360000001,
        0.0608257046,
        0.0606751826,
        0.06089858160000001,
        0.06069141260000001,
        0.060558985600000004,
        0.0614387346,
        0.060412770600000006,
        0.06092758660000001,
        0.061201559600000004,
        0.0609671696,
        0.06067303860000001,
        0.060557742600000006,
        0.060619017600000005,
        0.061046118600000004,
        0.060627903600000005,
        0.060599390600000004,
        0.061057549600000004,
        0.060584823600000004,
        0.0612230106,
        0.060868888600000004,
        0.0607028546,
        0.0610158416,
        0.060570296600000004,
        0.06090207560000001,
        0.060661965600000006,
        0.06048076560000001,
        0.060650764600000004,
        0.0605701136,
        0.061412683600000004,
        0.061053789600000005,
        0.060798331600000005,
        0.060699514600000004,
        0.060576003600000004,
        0.060370769600000006,
        0.06101803360000001,
        0.0603673636,
        0.060949144600000005,
        0.060593707600000005,
        0.0605377626,
        0.060787971600000004,
        0.060746072600000006
      ],
      "memory_usage_byte": [
        31944704,
        31944704,
        31944704,
        31944704,
        31944704,
        31944704,
        31944704,
        31944704,
        31944704,
        31944704,
        31944704,
        31944704,
        31944704,
        31944704,
        31944704,
        31944704,
        31944704,
        31944704,
        31944704,
        31944704,
        31944704,
        31944704,
        31944704,
        31944704,
        31944704,
        31944704,
        31944704,
        31944704,
        31944704,
        31944704,
        31944704,
        31944704,
        31944704,
        31944704,
        31944704,
        31944704,
        31944704,
        31944704,
        31944704,
        31944704,
        31944704,
        31944704,
        31944704,
        31944704,
        31944704,
        31944704,
        31944704,
        31944704
      ],
      "exit_codes": [
        0,
        0,
        0,
        0,
        0,
        0,
        0,
        0,
        0,
        0,
        0,
        0,
        0,
        0,
        0,
        0,
        0,
        0,
        0,
        0,
        0,
        0,
        0,
        0,
        0,
        0,
        0,
        0,
        0,
        0,
        0,
        0,
        0,
        0,
        0,
        0,
        0,
        0,
        0,
        0,
        0,
        0,
        0,
        0,
        0,
        0,
        0,
        0
      ]
    },
    {
      "command": "./bin/oxc_antd",
      "mean": 0.06208393513191488,
      "stddev": 0.0005390482633815723,
      "median": 0.0619746786,
      "user": 0.0450217685106383,
      "system": 0.017006471914893614,
      "min": 0.061535846600000006,
      "max": 0.0644158016,
      "times": [
        0.0621933266,
        0.06259183360000001,
        0.06193165660000001,
        0.0622158986,
        0.062424309600000005,
        0.062031302600000005,
        0.061729636600000005,
        0.06185184560000001,
        0.062249952600000005,
        0.0623217006,
        0.06190370560000001,
        0.062310618600000006,
        0.06192217060000001,
        0.06197428860000001,
        0.0616694376,
        0.0623190346,
        0.06217701860000001,
        0.0619679266,
        0.0619746786,
        0.061716203600000005,
        0.06273386060000001,
        0.06155325960000001,
        0.061535846600000006,
        0.0644158016,
        0.061556715600000006,
        0.06157462960000001,
        0.06206983660000001,
        0.062242330600000007,
        0.0620329986,
        0.0619380806,
        0.06233067660000001,
        0.0622120216,
        0.0640684016,
        0.06210461260000001,
        0.0621014966,
        0.061691669600000006,
        0.0616871806,
        0.062225698600000004,
        0.061681980600000005,
        0.0616856776,
        0.061771638600000005,
        0.06182031960000001,
        0.062031114600000006,
        0.06199624960000001,
        0.06163933060000001,
        0.0618414196,
        0.0619255566
      ],
      "memory_usage_byte": [
        42971136,
        42971136,
        42971136,
        42971136,
        42971136,
        42971136,
        42971136,
        42971136,
        42971136,
        42971136,
        42971136,
        42971136,
        42971136,
        42971136,
        42971136,
        42971136,
        42971136,
        42971136,
        42971136,
        42971136,
        42971136,
        42971136,
        42971136,
        42971136,
        42971136,
        42971136,
        42971136,
        42971136,
        42971136,
        42971136,
        42971136,
        42971136,
        42971136,
        42971136,
        42971136,
        42971136,
        42971136,
        42971136,
        42971136,
        42971136,
        42971136,
        42971136,
        42971136,
        42971136,
        42971136,
        42971136,
        42971136
      ],
      "exit_codes": [
        0,
        0,
        0,
        0,
        0,
        0,
        0,
        0,
        0,
        0,
        0,
        0,
        0,
        0,
        0,
        0,
        0,
        0,
        0,
        0,
        0,
        0,
        0,
        0,
        0,
        0,
        0,
        0,
        0,
        0,
        0,
        0,
        0,
        0,
        0,
        0,
        0,
        0,
        0,
        0,
        0,
        0,
        0,
        0,
        0,
        0,
        0
      ]
    },
    {
      "command": "./bin/swc_antd",
      "mean": 0.12854166955652174,
      "stddev": 0.000743356231183058,
      "median": 0.12849690860000001,
      "user": 0.09728287304347825,
      "system": 0.03118550521739131,
      "min": 0.1274282046,
      "max": 0.1301364506,
      "times": [
        0.1279813686,
        0.1281815946,
        0.1301364506,
        0.1299097046,
        0.1277974526,
        0.12864549360000002,
        0.1285264036,
        0.12849690860000001,
        0.1282045796,
        0.12871880460000001,
        0.1298778086,
        0.1292447726,
        0.1275552526,
        0.1280913676,
        0.1293790836,
        0.1286759646,
        0.12868484160000002,
        0.1276301626,
        0.1274282046,
        0.12842477360000001,
        0.1285612196,
        0.1282006426,
        0.1281055446
      ],
      "memory_usage_byte": [
        70631424,
        70631424,
        70631424,
        70631424,
        70631424,
        70631424,
        70631424,
        70631424,
        70631424,
        70631424,
        70631424,
        70631424,
        70631424,
        70631424,
        70631424,
        70631424,
        70631424,
        70631424,
        70631424,
        70631424,
        70631424,
        70631424,
        70631424
      ],
      "exit_codes": [
        0,
        0,
        0,
        0,
        0,
        0,
        0,
        0,
        0,
        0,
        0,
        0,
        0,
        0,
        0,
        0,
        0,
        0,
        0,
        0,
        0,
        0,
        0
      ]
    }
  ]
}
