{
  "results": [
    {
      "command": "./bin/yuku_antd",
      "mean": 0.023944826099646023,
      "stddev": 0.00019187358132151852,
      "median": 0.02391423802,
      "user": 0.02175191610619468,
      "system": 0.001808073451327433,
      "min": 0.02351090502,
      "max": 0.02438611402,
      "times": [
        0.02381878002,
        0.02402386402,
        0.02418186302,
        0.02425578002,
        0.02411023802,
        0.02392982202,
        0.02419044702,
        0.02427865502,
        0.02390823902,
        0.024129905020000002,
        0.02425536302,
        0.02430269602,
        0.02397907202,
        0.02414157102,
        0.02419682202,
        0.02406257202,
        0.02387286402,
        0.02387932202,
        0.02409619702,
        0.02408986302,
        0.02422986302,
        0.02416728002,
        0.02378990502,
        0.02381148802,
        0.02392540502,
        0.02392494702,
        0.02402232202,
        0.02373290502,
        0.02378923802,
        0.02371411302,
        0.02381157102,
        0.02415169702,
        0.02377440502,
        0.02395978002,
        0.02431619702,
        0.02367011402,
        0.02391148802,
        0.02393603002,
        0.02381428002,
        0.02384486302,
        0.02390461302,
        0.02384661302,
        0.02412011302,
        0.02402628002,
        0.02400386302,
        0.02401548802,
        0.02402586302,
        0.02366128002,
        0.02376978002,
        0.02386719702,
        0.02385907102,
        0.02400715502,
        0.02360290502,
        0.02389778002,
        0.02387094702,
        0.02370840502,
        0.02422623802,
        0.02384786302,
        0.02393019602,
        0.02374290502,
        0.02418761402,
        0.02421898902,
        0.02410403002,
        0.02409686302,
        0.02402723802,
        0.02403957202,
        0.02438611402,
        0.02375557202,
        0.02377840502,
        0.02410098802,
        0.02385494702,
        0.02351090502,
        0.02360378002,
        0.02380553002,
        0.02362090502,
        0.02369578002,
        0.02375248802,
        0.02405673802,
        0.02371478002,
        0.02382973802,
        0.02383978002,
        0.02386348802,
        0.02386569602,
        0.02363498802,
        0.02396561302,
        0.02421286402,
        0.02400465502,
        0.02383265502,
        0.02379165502,
        0.02386636402,
        0.02406603002,
        0.02415836402,
        0.02377323802,
        0.02380469702,
        0.02408578002,
        0.02428540502,
        0.02418340502,
        0.02380065502,
        0.02385465502,
        0.02377711302,
        0.02370203002,
        0.02412694702,
        0.024193196020000002,
        0.02428728002,
        0.02396719702,
        0.02407040502,
        0.02370090502,
        0.02396357102,
        0.02387444702,
        0.02391423802,
        0.02375194702,
        0.02380978002,
        0.02365894702
      ],
      "exit_codes": [
        0,
        0,
        0,
        0,
        0,
        0,
        0,
        0,
        0,
        0,
        0,
        0,
        0,
        0,
        0,
        0,
        0,
        0,
        0,
        0,
        0,
        0,
        0,
        0,
        0,
        0,
        0,
        0,
        0,
        0,
        0,
        0,
        0,
        0,
        0,
        0,
        0,
        0,
        0,
        0,
        0,
        0,
        0,
        0,
        0,
        0,
        0,
        0,
        0,
        0,
        0,
        0,
        0,
        0,
        0,
        0,
        0,
        0,
        0,
        0,
        0,
        0,
        0,
        0,
        0,
        0,
        0,
        0,
        0,
        0,
        0,
        0,
        0,
        0,
        0,
        0,
        0,
        0,
        0,
        0,
        0,
        0,
        0,
        0,
        0,
        0,
        0,
        0,
        0,
        0,
        0,
        0,
        0,
        0,
        0,
        0,
        0,
        0,
        0,
        0,
        0,
        0,
        0,
        0,
        0,
        0,
        0,
        0,
        0,
        0,
        0,
        0,
        0
      ]
    },
    {
      "command": "./bin/oxc_antd",
      "mean": 0.023524221002300894,
      "stddev": 0.00024606414645111143,
      "median": 0.02351482102,
      "user": 0.020496075398230073,
      "system": 0.002457046902654868,
      "min": 0.02291619702,
      "max": 0.02467653002,
      "times": [
        0.02367240502,
        0.02362790502,
        0.02367257202,
        0.02401732102,
        0.02393878002,
        0.02367190502,
        0.02391653002,
        0.02366857102,
        0.02343840502,
        0.02371373802,
        0.02346815502,
        0.02333740502,
        0.02387336302,
        0.02374561302,
        0.02359528002,
        0.02370857202,
        0.02370103002,
        0.02339065502,
        0.02362348802,
        0.02362328002,
        0.02339132202,
        0.02354528002,
        0.02311115502,
        0.02354686302,
        0.02300665502,
        0.02353848802,
        0.02340290502,
        0.02332323802,
        0.02384665502,
        0.02371769702,
        0.02328869602,
        0.02321623802,
        0.02343769702,
        0.02342698802,
        0.02343828002,
        0.02332861302,
        0.02337390502,
        0.02375069702,
        0.02338878002,
        0.02396478002,
        0.02330711302,
        0.02330448902,
        0.02349244702,
        0.02467653002,
        0.02377065502,
        0.02362590502,
        0.02338648802,
        0.02367144702,
        0.02378528002,
        0.02297548802,
        0.02336119602,
        0.02364578002,
        0.02346361302,
        0.02345090502,
        0.02320969702,
        0.02328019702,
        0.02356665502,
        0.02310628002,
        0.02355532202,
        0.02369415502,
        0.02323140502,
        0.02365315502,
        0.02382694702,
        0.02397144602,
        0.02354561302,
        0.02340315502,
        0.02357769602,
        0.02351482102,
        0.02350590502,
        0.02337361302,
        0.02329144702,
        0.02331248802,
        0.02358290502,
        0.02373673902,
        0.02359478002,
        0.02324353002,
        0.02399040502,
        0.02352561302,
        0.02291619702,
        0.02353869602,
        0.02339336402,
        0.02339611302,
        0.02339365502,
        0.02336061402,
        0.02344957202,
        0.02374807202,
        0.02356494602,
        0.02369261402,
        0.02323032202,
        0.02348048802,
        0.02359478002,
        0.02343173802,
        0.02342782202,
        0.02365236402,
        0.02331644602,
        0.02339415502,
        0.02345569702,
        0.02340444702,
        0.02330478002,
        0.02327348802,
        0.02372732202,
        0.02353865502,
        0.02371132202,
        0.02386328002,
        0.02333261302,
        0.02348878002,
        0.02359103002,
        0.02347573902,
        0.02367665502,
        0.02373178002,
        0.02304628002,
        0.02356719702,
        0.02340473802
      ],