{
  "results": [
    {
      "command": "./bin/yuku files/antd.js",
      "mean": 0.06334005006382978,
      "stddev": 0.0015614587377726027,
      "median": 0.06307064000000001,
      "user": 0.04910505702127658,
      "system": 0.01419431489361702,
      "min": 0.062498172,
      "max": 0.07341563000000001,
      "times": [
        0.06296517400000001,
        0.06340938200000001,
        0.06311441400000001,
        0.06385673600000001,
        0.062978379,
        0.06319315900000001,
        0.064031402,
        0.062842064,
        0.06315728200000001,
        0.063025045,
        0.06301600800000001,
        0.063898033,
        0.062668631,
        0.063595199,
        0.06352508800000001,
        0.06285241300000001,
        0.062626492,
        0.062498172,
        0.062776883,
        0.06349982000000001,
        0.062838297,
        0.06267857,
        0.06266811000000001,
        0.06259301900000001,
        0.06318192700000001,
        0.06322891500000001,
        0.06280582600000001,
        0.06278797300000001,
        0.062648193,
        0.063598525,
        0.06372519,
        0.06354666800000001,
        0.06344331400000001,
        0.06307064000000001,
        0.063031347,
        0.06257488500000001,
        0.06269856600000001,
        0.06314621200000001,
        0.063166419,
        0.063656503,
        0.06310019500000001,
        0.064282289,
        0.062973599,
        0.06261554200000001,
        0.06272343300000001,
        0.06325279,
        0.07341563000000001
      ],
      "memory_usage_byte": [
        31494144,
        31494144,
        31494144,
        31494144,
        31494144,
        31494144,
        31494144,
        31494144,
        31494144,
        31494144,
        31494144,
        31494144,
        31494144,
        31494144,
        31494144,
        31494144,
        31494144,
        31494144,
        31494144,
        31494144,
        31494144,
        31494144,
        31494144,
        31494144,
        31494144,
        31494144,
        31494144,
        31494144,
        31494144,
        31494144,
        31494144,
        31494144,
        31494144,
        31494144,
        31494144,
        31494144,
        31494144,
        31494144,
        31494144,
        31494144,
        31494144,
        31494144,
        31494144,
        31494144,
        31494144,
        31494144,
        31494144
      ],
      "exit_codes": [
        0,
        0,
        0,
        0,
        0,
        0,
        0,
        0,
        0,
        0,
        0,
        0,
        0,
        0,
        0,
        0,
        0,
        0,
        0,
        0,
        0,
        0,
        0,
        0,
        0,
        0,
        0,
        0,
        0,
        0,
        0,
        0,
        0,
        0,
        0,
        0,
        0,
        0,
        0,
        0,
        0,
        0,
        0,
        0,
        0,
        0,
        0
      ]
    },
    {
      "command": "./bin/oxc files/antd.js",
      "mean": 0.062320999957446825,
      "stddev": 0.001210124251393077,
      "median": 0.062137666,
      "user": 0.04136941872340425,
      "system": 0.02091265531914894,
      "min": 0.061490831,
      "max": 0.06963656100000001,
      "times": [
        0.062273059,
        0.06963656100000001,
        0.061843208000000004,
        0.061804667,
        0.061654186,
        0.06195066800000001,
        0.061751888,
        0.061815957,
        0.061927315000000004,
        0.06322546600000001,
        0.062685659,
        0.061546825,
        0.061744754,
        0.06199412000000001,
        0.061671628,
        0.061853126,
        0.06293701800000001,
        0.062154076999999995,
        0.061504266,
        0.061490831,
        0.06165156,
        0.061778547,
        0.062158707,
        0.061707214,
        0.061785591,
        0.062355914000000005,
        0.061687518000000004,
        0.061837437,
        0.061575458,
        0.06163551,
        0.061639738,
        0.062161241,
        0.062487319000000006,
        0.062244817,
        0.06272390000000001,
        0.06341100100000001,
        0.06275287600000001,
        0.063332094,
        0.062326559,
        0.062153848000000005,
        0.062137666,
        0.062459736999999994,
        0.062345194,
        0.06243197600000001,
        0.062650834,
        0.06327108000000001,
        0.06291838300000001
      ],
      "memory_usage_byte": [
        43065344,
        43065344,
        43065344,
        43065344,
        43065344,
        43065344,
        43065344,
        43065344,
        43065344,
        43065344,
        43065344,
        43065344,
        43065344,
        43065344,
        43065344,
        43065344,
        43065344,
        43065344,
        43065344,
        43065344,
        43065344,
        43065344,
        43065344,
        43065344,
        43065344,
        43065344,
        43065344,
        43065344,
        43065344,
        43065344,
        43065344,
        43065344,
        43065344,
        43065344,
        43065344,
        43065344,
        43065344,
        43065344,
        43065344,
        43065344,
        43065344,
        43065344,
        43065344,
        43065344,
        43065344,
        43065344,
        43065344
      ],
      "exit_codes": [
        0,
        0,
        0,
        0,
        0,
        0,
        0,
        0,
        0,
        0,
        0,
        0,
        0,
        0,
        0,
        0,
        0,
        0,
        0,
        0,
        0,
        0,
        0,
        0,
        0,
        0,
        0,
        0,
        0,
        0,
        0,
        0,
        0,
        0,
        0,
        0,
        0,
        0,
        0,
        0,
        0,
        0,
        0,
        0,
        0,
        0,
        0
      ]
    },
    {
      "command": "./bin/swc files/antd.js",
      "mean": 0.12421918941666667,
      "stddev": 0.0007201279751973982,
      "median": 0.12426891450000002,
      "user": 0.09293369,
      "system": 0.03120073333333333,
      "min": 0.12276262600000001,
      "max": 0.12548030300000002,
      "times": [
        0.12310202900000002,
        0.12347227900000002,
        0.12398203000000001,
        0.125192356,
        0.12411637000000002,
        0.12431214500000001,
        0.12368337300000001,
        0.12467396900000002,
        0.12437178700000001,
        0.12422568400000002,
        0.12342568200000001,
        0.125121915,
        0.12511943,
        0.124447097,
        0.12420892500000001,
        0.12393754700000001,
        0.12318956200000002,
        0.12438048200000001,
        0.12276262600000001,
        0.12445405000000001,
        0.12469922700000002,
        0.12548030300000002,
        0.12515947600000002,
        0.12374220200000001
      ],
      "memory_usage_byte": [
        70692864,
        70692864,
        70692864,
        70692864,
        70692864,
        70692864,
        70692864,
        70692864,
        70692864,
        70692864,
        70692864,
        70692864,
        70692864,
        70692864,
        70692864,
        70692864,
        70692864,
        70692864,
        70692864,
        70692864,
        70692864,
        70692864,
        70692864,
        70692864
      ],
      "exit_codes": [
        0,
        0,
        0,
        0,
        0,
        0,
        0,
        0,
        0,
        0,
        0,
        0,
        0,
        0,
        0,
        0,
        0,
        0,
        0,
        0,
        0,
        0,
        0,
        0
      ]
    }
  ]
}
