{
  "results": [
    {
      "command": "./bin/yuku files/antd.js",
      "mean": 0.024077502549909906,
      "stddev": 0.0001964895963347007,
      "median": 0.024050533640000003,
      "user": 0.021243540900900897,
      "system": 0.0023972345945945956,
      "min": 0.023672949640000003,
      "max": 0.024909241640000003,
      "times": [
        0.024266491640000006,
        0.024103366640000005,
        0.02407994964,
        0.02415461664,
        0.02423457464,
        0.024186491640000002,
        0.024198325640000004,
        0.02435382464,
        0.02415461664,
        0.024401991640000002,
        0.02436053364,
        0.024423241640000003,
        0.023840741640000003,
        0.024909241640000003,
        0.024334324640000002,
        0.024111658640000005,
        0.02426928364,
        0.024217033640000003,
        0.02417620064,
        0.024046408640000003,
        0.024206907640000004,
        0.023888408640000004,
        0.023824366640000004,
        0.02412765864,
        0.02403615764,
        0.024032074640000005,
        0.024036991640000005,
        0.024083532640000002,
        0.023874200640000003,
        0.02399899164,
        0.023977325640000005,
        0.023953741640000005,
        0.024192408640000003,
        0.024241408640000003,
        0.023993699640000005,
        0.023882241640000003,
        0.02396278364,
        0.02404311664,
        0.024196324640000003,
        0.024050533640000003,
        0.023931241640000003,
        0.024084200640000004,
        0.02402269964,
        0.024074199640000002,
        0.023986991640000004,
        0.023927033640000005,
        0.023906324640000004,
        0.02470420064,
        0.023963116640000004,
        0.024035950640000005,
        0.024166782640000002,
        0.024310325640000005,
        0.024048491640000003,
        0.02380615764,
        0.02373661664,
        0.024394116640000005,
        0.023970699640000002,
        0.02419824164,
        0.02424153364,
        0.024069783640000002,
        0.023818158640000003,
        0.023769074640000006,
        0.024183282640000005,
        0.024151699640000003,
        0.023911491640000004,
        0.023980783640000003,
        0.02427494964,
        0.024169283640000004,
        0.024023575640000003,
        0.02442044964,
        0.024330116640000003,
        0.024077199640000005,
        0.02387199164,
        0.024185616640000004,
        0.023672949640000003,
        0.02379261664,
        0.02437507464,
        0.02422049164,
        0.02392228364,
        0.023790991640000002,
        0.023894116640000004,
        0.024322574640000004,
        0.02423607564,
        0.02391836664,
        0.023851408640000002,
        0.023990033640000005,
        0.02415390864,
        0.02400169964,
        0.023930991640000003,
        0.024222991640000004,
        0.023907574640000005,
        0.02397365864,
        0.024249450640000003,
        0.024207449640000003,
        0.024053366640000004,
        0.023956866640000005,
        0.023834741640000004,
        0.02389844964,
        0.024247658640000003,
        0.023817657640000003,
        0.02380765864,
        0.024054741640000002,
        0.02391765864,
        0.02397644964,
        0.02418319964,
        0.02393211664,
        0.02407378264,
        0.02401253364,
        0.02396065864,
        0.02407711664,
        0.02399124164
      ],
      "exit_codes": [
        0,
        0,
        0,
        0,
        0,
        0,
        0,
        0,
        0,
        0,
        0,
        0,
        0,
        0,
        0,
        0,
        0,
        0,
        0,
        0,
        0,
        0,
        0,
        0,
        0,
        0,
        0,
        0,
        0,
        0,
        0,
        0,
        0,
        0,
        0,
        0,
        0,
        0,
        0,
        0,
        0,
        0,
        0,
        0,
        0,
        0,
        0,
        0,
        0,
        0,
        0,
        0,
        0,
        0,
        0,
        0,
        0,
        0,
        0,
        0,
        0,
        0,
        0,
        0,
        0,
        0,
        0,
        0,
        0,
        0,
        0,
        0,
        0,
        0,
        0,
        0,
        0,
        0,
        0,
        0,
        0,
        0,
        0,
        0,
        0,
        0,
        0,
        0,
        0,
        0,
        0,
        0,
        0,
        0,
        0,
        0,
        0,
        0,
        0,
        0,
        0,
        0,
        0,
        0,
        0,
        0,
        0,
        0,
        0,
        0,
        0
      ]
    },
    {
      "command": "./bin/oxc files/antd.js",
      "mean": 0.024437812476363636,
      "stddev": 0.00017827988278878784,
      "median": 0.02442561664,
      "user": 0.020703612727272717,
      "system": 0.0031176309090909103,
      "min": 0.024003116640000002,
      "max": 0.02485769964,
      "times": [
        0.02441974164,
        0.024512616640000005,
        0.02454520064,
        0.02455407464,
        0.024417450640000005,
        0.02453724164,
        0.02470419964,
        0.024347158640000005,
        0.02441453364,
        0.024810950640000003,
        0.024536533640000004,
        0.024719574640000005,
        0.02459499164,
        0.024566408640000002,
        0.024768866640000005,
        0.02448278264,
        0.024625699640000005,
        0.024415157640000004,
        0.024678366640000005,
        0.02431724164,
        0.02455403364,
        0.024584241640000004,
        0.02468169964,
        0.02431469964,
        0.024707741640000003,
        0.02450499164,
        0.02434290864,
        0.02450299164,
        0.02461424164,
        0.02453636664,
        0.024343407640000002,
        0.02434032564,
        0.02485769964,
        0.024326782640000003,
        0.02421920064,
        0.024483907640000004,
        0.02446636664,
        0.02408411664,
        0.02475249164,
        0.024314491640000005,
        0.02441378264,
        0.02424303364,
        0.02453665864,
        0.024529074640000002,
        0.024331616640000005,
        0.02448374164,
        0.02471453364,
        0.024461657640000002,
        0.02434757464,
        0.02445657464,
        0.024605991640000005,
        0.02409344964,
        0.02436520064,
        0.02460511664,
        0.024363032640000004,
        0.024244491640000004,
        0.02412174164,
        0.024629074640000005,
        0.024003116640000002,
        0.02450428364,
        0.024382033640000002,
        0.024192866640000005,
        0.02440807464,
        0.02417561664,
        0.024386866640000004,
        0.024507241640000003,
        0.024293491640000005,
        0.024169324640000003,
        0.024343532640000005,
        0.02444615764,
        0.024574449640000003,
        0.024534450640000004,
        0.024618283640000002,
        0.02470628364,
        0.02482765864,
        0.024203282640000004,
        0.024660574640000002,
        0.024519449640000003,
        0.024288283640000005,
        0.024269408640000004,
        0.024338074640000006,
        0.02425761664,
        0.024431491640000004,
        0.024284700640000004,
        0.024159491640000003,
        0.02414474164,
        0.024416741640000003,
        0.02463128364,
        0.024449366640000005,
        0.02429315864,
        0.02452424164,
        0.024436199640000003,
        0.02423407464,
        0.024189450640000006,
        0.024415658640000004,
        0.024457658640000005,
        0.024396741640000004,
        0.024484158640000003,
        0.02469203364,
        0.02438236664,
        0.024371824640000005,
        0.024322366640000002,
        0.02421295064,
        0.024166991640000003,
        0.024400325640000005,
        0.02457974164,
        0.024224824640000003,
        0.024416658640000005,
        0.024521158640000006,
        0.02426069964
      ],