{
  "results": [
    {
      "command": "./bin/yuku files/antd.js",
      "mean": 0.06574780354444446,
      "stddev": 0.00028196418249131866,
      "median": 0.06575473170000001,
      "user": 0.05019261777777777,
      "system": 0.015496911111111114,
      "min": 0.06490477770000001,
      "max": 0.0666434887,
      "times": [
        0.06556024070000001,
        0.06556116170000001,
        0.06572915470000001,
        0.06575473170000001,
        0.0666434887,
        0.06578289670000001,
        0.06622417770000001,
        0.06606447870000001,
        0.06540214470000001,
        0.0655969987,
        0.06594350470000002,
        0.06567781970000001,
        0.0653908437,
        0.0657579077,
        0.06573018570000001,
        0.06594612870000001,
        0.06552571570000001,
        0.06534685270000001,
        0.0657651917,
        0.0657314687,
        0.06585168270000001,
        0.06605047170000002,
        0.06557868370000002,
        0.06571252370000001,
        0.0659149217,
        0.0655763297,
        0.06559613570000002,
        0.06541437770000001,
        0.06587541670000001,
        0.06573931370000001,
        0.06565975570000002,
        0.06590093470000001,
        0.06595516570000001,
        0.06599824570000001,
        0.06599479870000001,
        0.06591864770000001,
        0.06592052070000001,
        0.06596724870000001,
        0.06542817370000001,
        0.06539156570000002,
        0.06591461970000001,
        0.0654789897,
        0.06595831170000001,
        0.06581445370000001,
        0.06490477770000001
      ],
      "memory_usage_byte": [
        32112640,
        32112640,
        32112640,
        32112640,
        32112640,
        32112640,
        32112640,
        32112640,
        32112640,
        32112640,
        32112640,
        32112640,
        32112640,
        32112640,
        32112640,
        32112640,
        32112640,
        32112640,
        32112640,
        32112640,
        32112640,
        32112640,
        32112640,
        32112640,
        32112640,
        32112640,
        32112640,
        32112640,
        32112640,
        32112640,
        32112640,
        32112640,
        32112640,
        32112640,
        32112640,
        32112640,
        32112640,
        32112640,
        32112640,
        32112640,
        32112640,
        32112640,
        32112640,
        32112640,
        32112640
      ],
      "exit_codes": [
        0,
        0,
        0,
        0,
        0,
        0,
        0,
        0,
        0,
        0,
        0,
        0,
        0,
        0,
        0,
        0,
        0,
        0,
        0,
        0,
        0,
        0,
        0,
        0,
        0,
        0,
        0,
        0,
        0,
        0,
        0,
        0,
        0,
        0,
        0,
        0,
        0,
        0,
        0,
        0,
        0,
        0,
        0,
        0,
        0
      ]
    },
    {
      "command": "./bin/oxc files/antd.js",
      "mean": 0.06355817616808512,
      "stddev": 0.0006239519432546504,
      "median": 0.0633829857,
      "user": 0.04150198468085106,
      "system": 0.022006540425531913,
      "min": 0.06264907970000001,
      "max": 0.0649576007,
      "times": [
        0.0628824837,
        0.06322292770000001,
        0.0629026007,
        0.06264907970000001,
        0.0633277737,
        0.06316932770000001,
        0.0632788127,
        0.06334135870000002,
        0.06329108370000001,
        0.06290364370000001,
        0.06319592770000002,
        0.0631558737,
        0.06300035270000001,
        0.0635686827,
        0.06380616470000001,
        0.06342750970000001,
        0.06277902070000001,
        0.06288947670000002,
        0.06303068070000001,
        0.06338244570000001,
        0.0635249907,
        0.06358237870000001,
        0.06305592670000001,
        0.06384318370000001,
        0.06345585170000001,
        0.0633829857,
        0.06424858970000001,
        0.06384954570000001,
        0.06421033870000001,
        0.06421463570000001,
        0.06378956570000001,
        0.06483686570000001,
        0.06489893170000001,
        0.06422064770000001,
        0.0649576007,
        0.06494933770000001,
        0.06493273070000001,
        0.06369239970000001,
        0.0632996477,
        0.0636223597,
        0.06407591270000002,
        0.06370259870000002,
        0.0636008987,
        0.06307473870000001,
        0.06288784070000002,
        0.06332856170000001,
        0.06278998770000001
      ],
      "memory_usage_byte": [
        43065344,
        43065344,
        43065344,
        43065344,
        43065344,
        43065344,
        43065344,
        43065344,
        43065344,
        43065344,
        43065344,
        43065344,
        43065344,
        43065344,
        43065344,
        43065344,
        43065344,
        43065344,
        43065344,
        43065344,
        43065344,
        43065344,
        43065344,
        43065344,
        43065344,
        43065344,
        43065344,
        43065344,
        43065344,
        43065344,
        43065344,
        43065344,
        43065344,
        43065344,
        43065344,
        43065344,
        43065344,
        43065344,
        43065344,
        43065344,
        43065344,
        43065344,
        43065344,
        43065344,
        43065344,
        43065344,
        43065344
      ],
      "exit_codes": [
        0,
        0,
        0,
        0,
        0,
        0,
        0,
        0,
        0,
        0,
        0,
        0,
        0,
        0,
        0,
        0,
        0,
        0,
        0,
        0,
        0,
        0,
        0,
        0,
        0,
        0,
        0,
        0,
        0,
        0,
        0,
        0,
        0,
        0,
        0,
        0,
        0,
        0,
        0,
        0,
        0,
        0,
        0,
        0,
        0,
        0,
        0
      ]
    },
    {
      "command": "./bin/swc files/antd.js",
      "mean": 0.12454452345000001,
      "stddev": 0.001124483267446769,
      "median": 0.1245906107,
      "user": 0.09102857333333332,
      "system": 0.033439116666666664,
      "min": 0.12188663170000001,
      "max": 0.1270804557,
      "times": [
        0.12391226170000001,
        0.12461589270000001,
        0.12421378370000001,
        0.12488654670000002,
        0.12413776170000002,
        0.12654754170000002,
        0.12536930770000002,
        0.12520081370000002,
        0.1256071997,
        0.12484601170000001,
        0.12527734570000001,
        0.1270804557,
        0.12266878470000002,
        0.12364911170000001,
        0.1254233677,
        0.12411635270000002,
        0.1245653287,
        0.1247536397,
        0.12368676170000001,
        0.12426435770000001,
        0.1244547027,
        0.12322203870000001,
        0.12468256270000003,
        0.12188663170000001
      ],
      "memory_usage_byte": [
        70660096,
        70660096,
        70660096,
        70660096,
        70660096,
        70660096,
        70660096,
        70660096,
        70660096,
        70660096,
        70660096,
        70660096,
        70660096,
        70660096,
        70660096,
        70660096,
        70660096,
        70660096,
        70660096,
        70660096,
        70660096,
        70660096,
        70660096,
        70660096
      ],
      "exit_codes": [
        0,
        0,
        0,
        0,
        0,
        0,
        0,
        0,
        0,
        0,
        0,
        0,
        0,
        0,
        0,
        0,
        0,
        0,
        0,
        0,
        0,
        0,
        0,
        0
      ]
    }
  ]
}
