{
  "results": [
    {
      "command": "./bin/yuku files/typescript.js",
      "mean": 0.08498798161142858,
      "stddev": 0.0008571227520507371,
      "median": 0.08479300864,
      "user": 0.06364259142857143,
      "system": 0.021290908571428575,
      "min": 0.08391438164000001,
      "max": 0.08829574264000001,
      "times": [
        0.08492156464,
        0.08477362964,
        0.08463044964000001,
        0.08581883864,
        0.08605348064,
        0.08522364764,
        0.08502046864,
        0.08491376064,
        0.08494820664,
        0.08457839364,
        0.08462912364,
        0.08447873264,
        0.08498970464,
        0.08441095664,
        0.08457733664,
        0.08574318664,
        0.08475489964,
        0.08458677464,
        0.08450909964,
        0.08393556064,
        0.08408934664,
        0.08477736964,
        0.08488415864,
        0.08701653164,
        0.08485406364,
        0.08489474764,
        0.08450059364,
        0.08829574264000001,
        0.08597163464,
        0.08479300864,
        0.08427548464,
        0.08391438164000001,
        0.08417746164,
        0.08526160164,
        0.08537541364
      ],
      "memory_usage_byte": [
        42074112,
        42074112,
        42074112,
        42074112,
        42074112,
        42074112,
        42074112,
        42074112,
        42074112,
        42074112,
        42074112,
        42074112,
        42074112,
        42074112,
        42074112,
        42074112,
        42074112,
        42074112,
        42074112,
        42074112,
        42074112,
        42074112,
        42074112,
        42074112,
        42074112,
        42074112,
        42074112,
        42074112,
        42074112,
        42074112,
        42074112,
        42074112,
        42074112,
        42074112,
        42074112
      ],
      "exit_codes": [
        0,
        0,
        0,
        0,
        0,
        0,
        0,
        0,
        0,
        0,
        0,
        0,
        0,
        0,
        0,
        0,
        0,
        0,
        0,
        0,
        0,
        0,
        0,
        0,
        0,
        0,
        0,
        0,
        0,
        0,
        0,
        0,
        0,
        0,
        0
      ]
    },
    {
      "command": "./bin/oxc files/typescript.js",
      "mean": 0.07984928691027025,
      "stddev": 0.0007087967499206614,
      "median": 0.07987364664,
      "user": 0.052728274054054045,
      "system": 0.02706180972972973,
      "min": 0.07885965664,
      "max": 0.08295374564,
      "times": [
        0.07885965664,
        0.07898661364,
        0.08039234264,
        0.07992443064,
        0.07983221964000001,
        0.07960364264,
        0.07995955664,
        0.07994207464,
        0.08014298764,
        0.07928154264000001,
        0.07960603764,
        0.07909579664000001,
        0.07927053264,
        0.07987364664,
        0.07967033764,
        0.07941664264000001,
        0.08034590564,
        0.07991163664,
        0.07934069264,
        0.07905733564,
        0.07912558264,
        0.08012994364,
        0.08013361064,
        0.07974269164,
        0.08295374564,
        0.07994671264,
        0.08020474264,
        0.08023254664,
        0.08001148364,
        0.08001311564000001,
        0.08061014764,
        0.08027396164,
        0.07924324164,
        0.07934000164,
        0.07970487164000001,
        0.08083957364,
        0.07940401064
      ],
      "memory_usage_byte": [
        55517184,
        55517184,
        55517184,
        55517184,
        55517184,
        55517184,
        55517184,
        55517184,
        55517184,
        55517184,
        55517184,
        55517184,
        55517184,
        55517184,
        55517184,
        55517184,
        55517184,
        55517184,
        55517184,
        55517184,
        55517184,
        55517184,
        55517184,
        55517184,
        55517184,
        55517184,
        55517184,
        55517184,
        55517184,
        55517184,
        55517184,
        55517184,
        55517184,
        55517184,
        55517184,
        55517184,
        55517184
      ],
      "exit_codes": [
        0,
        0,
        0,
        0,
        0,
        0,
        0,
        0,
        0,
        0,
        0,
        0,
        0,
        0,
        0,
        0,
        0,
        0,
        0,
        0,
        0,
        0,
        0,
        0,
        0,
        0,
        0,
        0,
        0,
        0,
        0,
        0,
        0,
        0,
        0,
        0,
        0
      ]
    },
    {
      "command": "./bin/swc files/typescript.js",
      "mean": 0.16348840786222224,
      "stddev": 0.0029319023135922296,
      "median": 0.16270062014,
      "user": 0.11773371999999999,
      "system": 0.04567291333333333,
      "min": 0.15991602364000002,
      "max": 0.17309592764,
      "times": [
        0.16451915664,
        0.17309592764,
        0.16314896764,
        0.16236637164,
        0.16361894564,
        0.16126400664,
        0.16268950464,
        0.16337622364,
        0.16246660864,
        0.16271173564,
        0.16464237364,
        0.16782110964,
        0.16361927364,
        0.16197261764,
        0.16106676964,
        0.15991602364000002,
        0.16219388764,
        0.16230183764
      ],
      "memory_usage_byte": [
        94126080,
        94126080,
        94126080,
        94126080,
        94126080,
        94126080,
        94126080,
        94126080,
        94126080,
        94126080,
        94126080,
        94126080,
        94126080,
        94126080,
        94126080,
        94126080,
        94126080,
        94126080
      ],
      "exit_codes": [
        0,
        0,
        0,
        0,
        0,
        0,
        0,
        0,
        0,
        0,
        0,
        0,
        0,
        0,
        0,
        0,
        0,
        0
      ]
    },
    {
      "command": "./bin/jam files/typescript.js",
      "mean": 0.1899628261733333,
      "stddev": 0.0007839420052509212,
      "median": 0.18982501164,
      "user": 0.10210308666666666,
      "system": 0.08777881333333333,
      "min": 0.18897863564,
      "max": 0.19185850164,
      "times": [
        0.18978084964,
        0.19030224264,
        0.19001108864000002,
        0.19185850164,
        0.18958385264,
        0.19120487264,
        0.18991442864000002,
        0.18897863564,
        0.18982501164,
        0.19041672464,
        0.19037827264,
        0.18923647464,
        0.18939460964000002,
        0.18918488964000002,
        0.18937193764000002
      ],
      "memory_usage_byte": [
        194535424,
        194535424,
        194535424,
        194535424,
        194535424,
        194535424,
        194535424,
        194535424,
        194535424,
        194535424,
        194535424,
        194535424,
        194535424,
        194535424,
        194535424
      ],
      "exit_codes": [
        0,
        0,
        0,
        0,
        0,
        0,
        0,
        0,
        0,
        0,
        0,
        0,
        0,
        0,
        0
      ]
    }
  ]
}
