{
  "results": [
    {
      "command": "./bin/yuku files/typescript.js",
      "mean": 0.046289132217931024,
      "stddev": 0.013434214914621085,
      "median": 0.040407806580000004,
      "user": 0.042196388275862085,
      "system": 0.005015613103448278,
      "min": 0.033236993580000006,
      "max": 0.08079103658,
      "times": [
        0.03669991058000001,
        0.03696420258000001,
        0.040473785580000005,
        0.05060853658,
        0.03490086858000001,
        0.033497119580000005,
        0.03602974358000001,
        0.03761249458000001,
        0.04826928658000001,
        0.039589410580000005,
        0.033236993580000006,
        0.03427349458000001,
        0.03424445258000001,
        0.038071452580000005,
        0.04034182758,
        0.051905410580000005,
        0.04967728658000001,
        0.07097232758000001,
        0.08079103658,
        0.06294786858000001,
        0.06851666058000001,
        0.06863961958,
        0.041283952580000005,
        0.07579403658000002,
        0.036925119580000006,
        0.03395807758,
        0.03753732758000001,
        0.04393386858000001,
        0.04017045258000001,
        0.03345961958000001,
        0.039203785580000004,
        0.06556736958,
        0.07492595258000001,
        0.06923491058,
        0.04582932758000001,
        0.045549411580000004,
        0.034211410580000004,
        0.035377369580000005,
        0.044315161580000005,
        0.04524741058000001,
        0.04724482758000001,
        0.035416327580000004,
        0.06602974458000001,
        0.03392782758000001,
        0.037517244580000005,
        0.054842244580000005,
        0.07104145258000001,
        0.056071493580000006,
        0.06084178558,
        0.03608166058000001,
        0.043555327580000004,
        0.03683241158000001,
        0.04459928658000001,
        0.034725410580000005,
        0.047499119580000006,
        0.037112160580000005,
        0.03425370258,
        0.036389286580000006
      ],
      "memory_usage_byte": [
        42057728,
        42057728,
        42057728,
        42057728,
        42057728,
        42057728,
        42057728,
        42057728,
        42057728,
        42057728,
        42057728,
        42057728,
        42057728,
        42057728,
        42057728,
        42057728,
        42057728,
        42057728,
        42057728,
        42057728,
        42057728,
        42057728,
        42057728,
        42057728,
        42057728,
        42057728,
        42057728,
        42057728,
        42057728,
        42057728,
        42057728,
        42057728,
        42057728,
        42057728,
        42057728,
        42057728,
        42057728,
        42057728,
        42057728,
        42057728,
        42057728,
        42057728,
        42057728,
        42057728,
        42057728,
        42057728,
        42057728,
        42057728,
        42057728,
        42057728,
        42057728,
        42057728,
        42057728,
        42057728,
        42057728,
        42057728,
        42057728,
        42057728
      ],
      "exit_codes": [
        0,
        0,
        0,
        0,
        0,
        0,
        0,
        0,
        0,
        0,
        0,
        0,
        0,
        0,
        0,
        0,
        0,
        0,
        0,
        0,
        0,
        0,
        0,
        0,
        0,
        0,
        0,
        0,
        0,
        0,
        0,
        0,
        0,
        0,
        0,
        0,
        0,
        0,
        0,
        0,
        0,
        0,
        0,
        0,
        0,
        0,
        0,
        0,
        0,
        0,
        0,
        0,
        0,
        0,
        0,
        0,
        0,
        0
      ]
    },
    {
      "command": "./bin/oxc files/typescript.js",
      "mean": 0.05285244653833335,
      "stddev": 0.008376211827188004,
      "median": 0.05352728558000001,
      "user": 0.04730896083333333,
      "system": 0.008824299166666666,
      "min": 0.03346324458,
      "max": 0.07520778658,
      "times": [
        0.04782636858000001,
        0.034112327580000004,
        0.037566202580000006,
        0.056535744580000005,
        0.044539827580000003,
        0.041477493580000004,
        0.03346324458,
        0.05442870258,
        0.046694993580000003,
        0.06427699358000001,
        0.047109827580000006,
        0.04945316158,
        0.053252493580000004,
        0.04980536958000001,
        0.051263036580000004,
        0.038668952580000006,
        0.03669682758000001,
        0.057787827580000006,
        0.05179557758,
        0.05389370258000001,
        0.05025320258,
        0.05144024458,
        0.05405811958000001,
        0.06133436858000001,
        0.06647578658,
        0.058286785580000014,
        0.05153332758000001,
        0.05078949458000001,
        0.05769728558000001,
        0.05834861958000001,
        0.04728924458000001,
        0.054247035580000005,
        0.05380207758000001,
        0.052536452580000004,
        0.05459486858000001,
        0.05505161958,
        0.07520778658,
        0.06400841158000001,
        0.051968661580000006,
        0.06482666058000001,
        0.061016952580000006,
        0.05890882758,
        0.05427449458000001,
        0.05796945258000001,
        0.06146520258,
        0.05557449458000001,
        0.05195807758000001,
        0.051351202580000005
      ],
      "memory_usage_byte": [
        55525376,
        55525376,
        55525376,
        55525376,
        55525376,
        55525376,
        55525376,
        55525376,
        55525376,
        55525376,
        55525376,
        55525376,
        55525376,
        55525376,
        55525376,
        55525376,
        55525376,
        55525376,
        55525376,
        55525376,
        55525376,
        55525376,
        55525376,
        55525376,
        55525376,
        55525376,
        55525376,
        55525376,
        55525376,
        55525376,
        55525376,
        55525376,
        55525376,
        55525376,
        55525376,
        55525376,
        55525376,
        55525376,
        55525376,
        55525376,
        55525376,
        55525376,
        55525376,
        55525376,
        55525376,
        55525376,
        55525376,
        55525376
      ],
      "exit_codes": [
        0,
        0,
        0,
        0,
        0,
        0,
        0,
        0,
        0,
        0,
        0,
        0,
        0,
        0,
        0,
        0,
        0,
        0,
        0,
        0,
        0,
        0,
        0,
        0,
        0,
        0,
        0,
        0,
        0,
        0,
        0,
        0,
        0,
        0,
        0,
        0,
        0,
        0,
        0,
        0,
        0,
        0,
        0,
        0,
        0,
        0,
        0,
        0
      ]
    },
    {
      "command": "./bin/swc files/typescript.js",
      "mean": 0.13298020053,
      "stddev": 0.009343108727728387,
      "median": 0.13268651508,
      "user": 0.08873979000000001,
      "system": 0.01201932,
      "min": 0.11324332758,
      "max": 0.15029811958,
      "times": [
        0.13575532758,
        0.12976378558,
        0.13124745258,
        0.14704178558,
        0.13989474458,
        0.13827386958000001,
        0.12375916158,
        0.12139591058000002,
        0.13302107758,
        0.13381228658000002,
        0.12685278558000002,
        0.11324332758,
        0.13068274358,
        0.13363907758000002,
        0.13235195258000002,
        0.15029811958,
        0.14803999458,
        0.12214611858000002,
        0.13984166158000003,
        0.12854282758000002
      ],