{
  "results": [
    {
      "command": "./bin/yuku_typescript",
      "mean": 0.07858423200594596,
      "stddev": 0.00041295012173424793,
      "median": 0.07846502706,
      "user": 0.06165521351351352,
      "system": 0.01687049027027027,
      "min": 0.07801035506000001,
      "max": 0.08017610406,
      "times": [
        0.07858829806,
        0.07801035506000001,
        0.07882446006,
        0.07845205206,
        0.07822128006000001,
        0.07823709906000001,
        0.07838718106,
        0.07812722306,
        0.07885711106,
        0.07851552106000001,
        0.07846502706,
        0.07832909206000001,
        0.07868151206,
        0.08017610406,
        0.07841146606,
        0.07836509906,
        0.07886874306000001,
        0.07836709306,
        0.07841228806,
        0.07889925006000001,
        0.07883937906,
        0.07844984806000001,
        0.07828856606000001,
        0.07846036706000001,
        0.07817329006000001,
        0.07854303306,
        0.07859746506000001,
        0.07845151406,
        0.07821333506,
        0.07892322606,
        0.07820904706000001,
        0.07878131906000001,
        0.07908077906000001,
        0.07865302906,
        0.07965104906,
        0.07855101806,
        0.07855406406
      ],
      "memory_usage_byte": [
        41627648,
        41627648,
        41627648,
        41627648,
        41627648,
        41627648,
        41627648,
        41627648,
        41627648,
        41627648,
        41627648,
        41627648,
        41627648,
        41627648,
        41627648,
        41627648,
        41627648,
        41627648,
        41627648,
        41627648,
        41627648,
        41627648,
        41627648,
        41627648,
        41627648,
        41627648,
        41627648,
        41627648,
        41627648,
        41627648,
        41627648,
        41627648,
        41627648,
        41627648,
        41627648,
        41627648,
        41627648
      ],
      "exit_codes": [
        0,
        0,
        0,
        0,
        0,
        0,
        0,
        0,
        0,
        0,
        0,
        0,
        0,
        0,
        0,
        0,
        0,
        0,
        0,
        0,
        0,
        0,
        0,
        0,
        0,
        0,
        0,
        0,
        0,
        0,
        0,
        0,
        0,
        0,
        0,
        0,
        0
      ]
    },
    {
      "command": "./bin/oxc_typescript",
      "mean": 0.07759852492842105,
      "stddev": 0.00044115817059780106,
      "median": 0.07752441756,
      "user": 0.0555555947368421,
      "system": 0.021986298947368428,
      "min": 0.07705544406,
      "max": 0.07949840206,
      "times": [
        0.07800443206,
        0.07724173206,
        0.07818618306000001,
        0.07740082006,
        0.07740286506,
        0.07763691306,
        0.07745256706,
        0.07826357706,
        0.07721804906,
        0.07746388906,
        0.07730029206,
        0.07734955506,
        0.07705624506,
        0.07760843006000001,
        0.07705544406,
        0.07705991206,
        0.07789467606,
        0.07753638506,
        0.07729842906,
        0.07730855806,
        0.07758510706,
        0.07731138406,
        0.07755947906,
        0.07734273206,
        0.07803857806,
        0.07766982606,
        0.07777475206000001,
        0.07755401706000001,
        0.07783265206000001,
        0.07949840206,
        0.07782024706,
        0.07750101906000001,
        0.07783482406,
        0.07795861606,
        0.07751245006,
        0.07744162806,
        0.07765758106000001,
        0.07711169806000001
      ],
      "memory_usage_byte": [
        55406592,
        55406592,
        55406592,
        55406592,
        55406592,
        55406592,
        55406592,
        55406592,
        55406592,
        55406592,
        55406592,
        55406592,
        55406592,
        55406592,
        55406592,
        55406592,
        55406592,
        55406592,
        55406592,
        55406592,
        55406592,
        55406592,
        55406592,
        55406592,
        55406592,
        55406592,
        55406592,
        55406592,
        55406592,
        55406592,
        55406592,
        55406592,
        55406592,
        55406592,
        55406592,
        55406592,
        55406592,
        55406592
      ],
      "exit_codes": [
        0,
        0,
        0,
        0,
        0,
        0,
        0,
        0,
        0,
        0,
        0,
        0,
        0,
        0,
        0,
        0,
        0,
        0,
        0,
        0,
        0,
        0,
        0,
        0,
        0,
        0,
        0,
        0,
        0,
        0,
        0,
        0,
        0,
        0,
        0,
        0,
        0,
        0
      ]
    },
    {
      "command": "./bin/swc_typescript",
      "mean": 0.16581217139333335,
      "stddev": 0.0005519587038251624,
      "median": 0.16572007106000003,
      "user": 0.12520664444444443,
      "system": 0.040527942222222224,
      "min": 0.16499378906000003,
      "max": 0.16729652606000003,
      "times": [
        0.16565992806000002,
        0.16553221906,
        0.16555994006000002,
        0.16513946306000002,
        0.16632387206000002,
        0.16573074206000002,
        0.16570940006,
        0.16601239006000001,
        0.16592531506000002,
        0.16517243506,
        0.16499378906000003,
        0.16615347306000003,
        0.16641959106,
        0.16729652606000003,
        0.16525549106000004,
        0.16611254706000003,
        0.16563537206000004,
        0.16598659106000002
      ],
      "memory_usage_byte": [
        94040064,
        94040064,
        94040064,
        94040064,
        94040064,
        94040064,
        94040064,
        94040064,
        94040064,
        94040064,
        94040064,
        94040064,
        94040064,
        94040064,
        94040064,
        94040064,
        94040064,
        94040064
      ],
      "exit_codes": [
        0,
        0,
        0,
        0,
        0,
        0,
        0,
        0,
        0,
        0,
        0,
        0,
        0,
        0,
        0,
        0,
        0,
        0
      ]
    },
    {
      "command": "./bin/jam_typescript",
      "mean": 0.19818343099333333,
      "stddev": 0.0007525784126895724,
      "median": 0.19809806906000002,
      "user": 0.11504276666666667,
      "system": 0.08306921999999999,
      "min": 0.19735044906000002,
      "max": 0.20028140206000003,
      "times": [
        0.19735044906000002,
        0.19796843606000003,
        0.19746100506000003,
        0.19828813406000004,
        0.19737512506000002,
        0.19747392006000003,
        0.19839664906,
        0.19809806906000002,
        0.19796775706000003,
        0.19816047506000004,
        0.19847126906000004,
        0.20028140206000003,
        0.19892387706000003,
        0.19868758506000003,
        0.19784731206000003
      ],
      "memory_usage_byte": [
        195129344,
        195129344,
        195129344,
        195129344,
        195129344,
        195129344,
        195129344,
        195129344,
        195129344,
        195129344,
        195129344,
        195129344,
        195129344,
        195129344,
        195129344
      ],
      "exit_codes": [
        0,
        0,
        0,
        0,
        0,
        0,
        0,
        0,
        0,
        0,
        0,
        0,
        0,
        0,
        0
      ]
    }
  ]
}
