{
  "results": [
    {
      "command": "./bin/yuku files/typescript.js",
      "mean": 0.08285842967444444,
      "stddev": 0.0015319666470171851,
      "median": 0.08246097198,
      "user": 0.06323746111111112,
      "system": 0.019555658888888897,
      "min": 0.08156279048000001,
      "max": 0.09025227648,
      "times": [
        0.08156279048000001,
        0.08215387648000001,
        0.08287645948000001,
        0.08265182948000001,
        0.08250487448,
        0.08254838548000001,
        0.08279069848000001,
        0.08502052248000001,
        0.08246730448,
        0.08275883948000001,
        0.08245506848,
        0.08256818248,
        0.08328625648000001,
        0.08270290448,
        0.08245846748,
        0.08277279648000001,
        0.08253990948,
        0.08216904548000001,
        0.08226750048,
        0.08204549448000001,
        0.08277827548000001,
        0.08652023048000002,
        0.08233341348,
        0.08230039148000001,
        0.08219937548,
        0.08230036148000001,
        0.08219557948,
        0.08240517748000001,
        0.08235610548000001,
        0.09025227648,
        0.08226600648000001,
        0.08240327348000001,
        0.08342106848000001,
        0.08213242748,
        0.08197482248000001,
        0.08246347648
      ],
      "memory_usage_byte": [
        40812544,
        40812544,
        40812544,
        40812544,
        40812544,
        40812544,
        40812544,
        40812544,
        40812544,
        40812544,
        40812544,
        40812544,
        40812544,
        40812544,
        40812544,
        40812544,
        40812544,
        40812544,
        40812544,
        40812544,
        40812544,
        40812544,
        40812544,
        40812544,
        40812544,
        40812544,
        40812544,
        40812544,
        40812544,
        40812544,
        40812544,
        40812544,
        40812544,
        40812544,
        40812544,
        40812544
      ],
      "exit_codes": [
        0,
        0,
        0,
        0,
        0,
        0,
        0,
        0,
        0,
        0,
        0,
        0,
        0,
        0,
        0,
        0,
        0,
        0,
        0,
        0,
        0,
        0,
        0,
        0,
        0,
        0,
        0,
        0,
        0,
        0,
        0,
        0,
        0,
        0,
        0,
        0
      ]
    },
    {
      "command": "./bin/oxc files/typescript.js",
      "mean": 0.08104873959111111,
      "stddev": 0.0006289549727989298,
      "median": 0.08095805148000002,
      "user": 0.05264137777777776,
      "system": 0.028340020000000004,
      "min": 0.08013250548,
      "max": 0.08379915148000001,
      "times": [
        0.08097532348000001,
        0.08141442648000001,
        0.08126508748000001,
        0.08149624848,
        0.08109582948,
        0.08117215148000001,
        0.08130779648000001,
        0.08094077948,
        0.08077025048000001,
        0.08054129148000001,
        0.08046584048000001,
        0.08064543648000001,
        0.08040661948000001,
        0.08116659248000001,
        0.08049526548000001,
        0.08058616548000001,
        0.08082043448000001,
        0.08110887448000001,
        0.08103014648000001,
        0.08075469048,
        0.08060471948,
        0.08075968048000001,
        0.08013250548,
        0.08062792348,
        0.08158362248,
        0.08031706248,
        0.08090668548,
        0.08379915148000001,
        0.08107395848000001,
        0.08190184848000001,
        0.08144546448000001,
        0.08168323948,
        0.08163056148,
        0.08092124348,
        0.08076459948,
        0.08114310848
      ],
      "memory_usage_byte": [
        55517184,
        55517184,
        55517184,
        55517184,
        55517184,
        55517184,
        55517184,
        55517184,
        55517184,
        55517184,
        55517184,
        55517184,
        55517184,
        55517184,
        55517184,
        55517184,
        55517184,
        55517184,
        55517184,
        55517184,
        55517184,
        55517184,
        55517184,
        55517184,
        55517184,
        55517184,
        55517184,
        55517184,
        55517184,
        55517184,
        55517184,
        55517184,
        55517184,
        55517184,
        55517184,
        55517184
      ],
      "exit_codes": [
        0,
        0,
        0,
        0,
        0,
        0,
        0,
        0,
        0,
        0,
        0,
        0,
        0,
        0,
        0,
        0,
        0,
        0,
        0,
        0,
        0,
        0,
        0,
        0,
        0,
        0,
        0,
        0,
        0,
        0,
        0,
        0,
        0,
        0,
        0,
        0
      ]
    },
    {
      "command": "./bin/swc files/typescript.js",
      "mean": 0.1660169670911111,
      "stddev": 0.0016865364965357476,
      "median": 0.16599769947999998,
      "user": 0.1213347111111111,
      "system": 0.04459957555555555,
      "min": 0.16354447348,
      "max": 0.16961517548,
      "times": [
        0.16461378848,
        0.16474760448,
        0.16447160748,
        0.16414427548,
        0.16602605748,
        0.16596934148,
        0.16584204348,
        0.16677219448,
        0.16729241848,
        0.16627837048,
        0.16856868748,
        0.16603180848,
        0.16490496948,
        0.16812660948,
        0.16961517548,
        0.16727367248,
        0.16354447348,
        0.16408230948
      ],
      "memory_usage_byte": [
        94117888,
        94117888,
        94117888,
        94117888,
        94117888,
        94117888,
        94117888,
        94117888,
        94117888,
        94117888,
        94117888,
        94117888,
        94117888,
        94117888,
        94117888,
        94117888,
        94117888,
        94117888
      ],
      "exit_codes": [
        0,
        0,
        0,
        0,
        0,
        0,
        0,
        0,
        0,
        0,
        0,
        0,
        0,
        0,
        0,
        0,
        0,
        0
      ]
    },
    {
      "command": "./bin/jam files/typescript.js",
      "mean": 0.19315130628000002,
      "stddev": 0.000947907915792095,
      "median": 0.19322216848,
      "user": 0.10185030000000002,
      "system": 0.09121255333333332,
      "min": 0.19181827648,
      "max": 0.19482797648,
      "times": [
        0.19371154048,
        0.19336857948,
        0.19246032848,
        0.19181827648,
        0.19198316548,
        0.19309748148,
        0.19370811448,
        0.19341271148,
        0.19463931748,
        0.19482797648,
        0.19234468548,
        0.19413939548,
        0.19226617848,
        0.19322216848,
        0.19226967448
      ],
      "memory_usage_byte": [
        194535424,
        194535424,
        194535424,
        194535424,
        194535424,
        194535424,
        194535424,
        194535424,
        194535424,
        194535424,
        194535424,
        194535424,
        194535424,
        194535424,
        194535424
      ],
      "exit_codes": [
        0,
        0,
        0,
        0,
        0,
        0,
        0,
        0,
        0,
        0,
        0,
        0,
        0,
        0,
        0
      ]
    }
  ]
}
