{
  "results": [
    {
      "command": "./bin/yuku files/typescript.js",
      "mean": 0.08174984853333335,
      "stddev": 0.001362664611261114,
      "median": 0.0814586667,
      "user": 0.06252315777777778,
      "system": 0.01918382333333333,
      "min": 0.0808280717,
      "max": 0.08922108270000001,
      "times": [
        0.0809282897,
        0.0808280717,
        0.0816421897,
        0.0816287347,
        0.0812254337,
        0.0814698787,
        0.0812254127,
        0.0815666287,
        0.0814641477,
        0.08123791670000001,
        0.0814876727,
        0.0813461667,
        0.0809769287,
        0.0812841007,
        0.08180831870000001,
        0.0814531857,
        0.08209659670000001,
        0.0815631817,
        0.0812480037,
        0.08187573470000001,
        0.0813155497,
        0.08922108270000001,
        0.0813593017,
        0.0812723887,
        0.08100015070000001,
        0.0815555667,
        0.0822975807,
        0.0813885857,
        0.0812467817,
        0.0814994627,
        0.0811720617,
        0.0813974127,
        0.0828079807,
        0.0821086957,
        0.0821016817,
        0.0828936697
      ],
      "memory_usage_byte": [
        41062400,
        41062400,
        41062400,
        41062400,
        41062400,
        41062400,
        41062400,
        41062400,
        41062400,
        41062400,
        41062400,
        41062400,
        41062400,
        41062400,
        41062400,
        41062400,
        41062400,
        41062400,
        41062400,
        41062400,
        41062400,
        41062400,
        41062400,
        41062400,
        41062400,
        41062400,
        41062400,
        41062400,
        41062400,
        41062400,
        41062400,
        41062400,
        41062400,
        41062400,
        41062400,
        41062400
      ],
      "exit_codes": [
        0,
        0,
        0,
        0,
        0,
        0,
        0,
        0,
        0,
        0,
        0,
        0,
        0,
        0,
        0,
        0,
        0,
        0,
        0,
        0,
        0,
        0,
        0,
        0,
        0,
        0,
        0,
        0,
        0,
        0,
        0,
        0,
        0,
        0,
        0,
        0
      ]
    },
    {
      "command": "./bin/oxc files/typescript.js",
      "mean": 0.07870857640270269,
      "stddev": 0.0005119327339212136,
      "median": 0.0787063387,
      "user": 0.05078225837837838,
      "system": 0.027878888648648646,
      "min": 0.0777406587,
      "max": 0.0796644247,
      "times": [
        0.0788598357,
        0.0791515997,
        0.0792883637,
        0.0790500197,
        0.0790111567,
        0.07914711070000001,
        0.0788025477,
        0.0780613367,
        0.0781170707,
        0.0779442177,
        0.07817592970000001,
        0.07806875070000001,
        0.0781831027,
        0.0777406587,
        0.0781429787,
        0.0779359417,
        0.0790297217,
        0.0786724657,
        0.0793877187,
        0.0792572267,
        0.0786266097,
        0.07934954770000001,
        0.07942521870000001,
        0.0785431647,
        0.0783638707,
        0.0786209497,
        0.0792015717,
        0.07921835270000001,
        0.0784960267,
        0.0784965567,
        0.0782674207,
        0.0796644247,
        0.0789514657,
        0.0787063387,
        0.07881680270000001,
        0.0792545417,
        0.07818670970000001
      ],
      "memory_usage_byte": [
        55517184,
        55517184,
        55517184,
        55517184,
        55517184,
        55517184,
        55517184,
        55517184,
        55517184,
        55517184,
        55517184,
        55517184,
        55517184,
        55517184,
        55517184,
        55517184,
        55517184,
        55517184,
        55517184,
        55517184,
        55517184,
        55517184,
        55517184,
        55517184,
        55517184,
        55517184,
        55517184,
        55517184,
        55517184,
        55517184,
        55517184,
        55517184,
        55517184,
        55517184,
        55517184,
        55517184,
        55517184
      ],
      "exit_codes": [
        0,
        0,
        0,
        0,
        0,
        0,
        0,
        0,
        0,
        0,
        0,
        0,
        0,
        0,
        0,
        0,
        0,
        0,
        0,
        0,
        0,
        0,
        0,
        0,
        0,
        0,
        0,
        0,
        0,
        0,
        0,
        0,
        0,
        0,
        0,
        0,
        0
      ]
    },
    {
      "command": "./bin/swc files/typescript.js",
      "mean": 0.1615386574777778,
      "stddev": 0.001008103988381776,
      "median": 0.16169224270000002,
      "user": 0.11845026888888888,
      "system": 0.043002406666666666,
      "min": 0.15923620270000002,
      "max": 0.16392519670000003,
      "times": [
        0.16175019070000002,
        0.16049070270000002,
        0.16229858370000003,
        0.16187012470000003,
        0.1626379967,
        0.16218368870000002,
        0.16392519670000003,
        0.16183553970000003,
        0.16163429470000001,
        0.16152327770000002,
        0.15923620270000002,
        0.16038771070000002,
        0.1618111047,
        0.16193504570000003,
        0.16132341470000003,
        0.16093443970000001,
        0.16074908370000002,
        0.16116923670000002
      ],
      "memory_usage_byte": [
        94150656,
        94150656,
        94150656,
        94150656,
        94150656,
        94150656,
        94150656,
        94150656,
        94150656,
        94150656,
        94150656,
        94150656,
        94150656,
        94150656,
        94150656,
        94150656,
        94150656,
        94150656
      ],
      "exit_codes": [
        0,
        0,
        0,
        0,
        0,
        0,
        0,
        0,
        0,
        0,
        0,
        0,
        0,
        0,
        0,
        0,
        0,
        0
      ]
    },
    {
      "command": "./bin/jam files/typescript.js",
      "mean": 0.21021313277142858,
      "stddev": 0.002054267068888693,
      "median": 0.21058037920000003,
      "user": 0.10201395142857142,
      "system": 0.10539231142857143,
      "min": 0.20668577170000002,
      "max": 0.21335302370000003,
      "times": [
        0.21335302370000003,
        0.21100506570000002,
        0.20876204370000004,
        0.20846222370000003,
        0.20963414970000002,
        0.20738864170000001,
        0.20842364170000002,
        0.21195172370000004,
        0.21202167170000003,
        0.21061725270000003,
        0.20668577170000002,
        0.21054350570000002,
        0.21301661670000002,
        0.21111852670000003
      ],
      "memory_usage_byte": [
        94150656,
        94150656,
        94150656,
        94150656,
        94150656,
        94150656,
        94150656,
        94150656,
        94150656,
        94150656,
        94150656,
        94150656,
        94150656,
        94150656
      ],
      "exit_codes": [
        0,
        0,
        0,
        0,
        0,
        0,
        0,
        0,
        0,
        0,
        0,
        0,
        0,
        0
      ]
    }
  ]
}
