{
  "results": [
    {
      "command": "./bin/yuku files/typescript.js",
      "mean": 0.031468243441609214,
      "stddev": 0.00029083786375931105,
      "median": 0.031494428660000004,
      "user": 0.028011308275862068,
      "system": 0.0030467117241379316,
      "min": 0.03081301166,
      "max": 0.03212346966,
      "times": [
        0.031679344660000004,
        0.03162134466,
        0.03185030366,
        0.03154001166,
        0.03212346966,
        0.03173317866,
        0.031868928660000004,
        0.031753511660000004,
        0.03152092866,
        0.03156121966,
        0.03133201166,
        0.03139309466,
        0.03141951166,
        0.03197542866,
        0.03162859466,
        0.03167946966,
        0.03185788666,
        0.03191259466,
        0.03150963666,
        0.03148363666,
        0.031572220660000004,
        0.030848970660000002,
        0.03147488666,
        0.03094055366,
        0.03138222066,
        0.030939220660000002,
        0.03135501166,
        0.03132538666,
        0.031494428660000004,
        0.03155780366,
        0.03095484566,
        0.03081301166,
        0.031455803660000003,
        0.031456594660000003,
        0.03155522066,
        0.031399511660000004,
        0.031341386660000005,
        0.031520344660000005,
        0.03157488666,
        0.031020886660000004,
        0.03089571966,
        0.031210761660000003,
        0.03139088666,
        0.03133971966,
        0.031066011660000004,
        0.03158226166,
        0.03145738666,
        0.031543927660000005,
        0.03142563666,
        0.03160196966,
        0.031652386660000004,
        0.031616844660000004,
        0.031189178660000004,
        0.03115046966,
        0.03160217766,
        0.03162292766,
        0.031299136660000004,
        0.030912969660000005,
        0.031245011660000002,
        0.03152359466,
        0.03177688666,
        0.031205344660000002,
        0.031646928660000004,
        0.031057386660000005,
        0.03134105266,
        0.03105159466,
        0.031043761660000002,
        0.031290803660000005,
        0.03180701166,
        0.031767552660000004,
        0.03151805366,
        0.03127921966,
        0.03141822066,
        0.031534053660000005,
        0.03129217766,
        0.031013386660000003,
        0.031486094660000005,
        0.03191680366,
        0.03146126166,
        0.03162055366,
        0.03196555266,
        0.031488219660000004,
        0.03158451166,
        0.03183992866,
        0.03193134466,
        0.03169184466,
        0.031951345660000005
      ],
      "exit_codes": [
        0,
        0,
        0,
        0,
        0,
        0,
        0,
        0,
        0,
        0,
        0,
        0,
        0,
        0,
        0,
        0,
        0,
        0,
        0,
        0,
        0,
        0,
        0,
        0,
        0,
        0,
        0,
        0,
        0,
        0,
        0,
        0,
        0,
        0,
        0,
        0,
        0,
        0,
        0,
        0,
        0,
        0,
        0,
        0,
        0,
        0,
        0,
        0,
        0,
        0,
        0,
        0,
        0,
        0,
        0,
        0,
        0,
        0,
        0,
        0,
        0,
        0,
        0,
        0,
        0,
        0,
        0,
        0,
        0,
        0,
        0,
        0,
        0,
        0,
        0,
        0,
        0,
        0,
        0,
        0,
        0,
        0,
        0,
        0,
        0,
        0,
        0
      ]
    },
    {
      "command": "./bin/oxc files/typescript.js",
      "mean": 0.0290354919395699,
      "stddev": 0.0002492656476873341,
      "median": 0.02907542766,
      "user": 0.024770397634408615,
      "system": 0.0036992567741935484,
      "min": 0.02834688666,
      "max": 0.02959380366,
      "times": [
        0.02939021966,
        0.02887234566,
        0.028714053660000002,
        0.028790261660000004,
        0.029352219660000005,
        0.029152803660000004,
        0.02885113666,
        0.02922242866,
        0.02904580266,
        0.02917971966,
        0.029098553660000005,
        0.029119886660000004,
        0.02888551166,
        0.029357970660000003,
        0.029264594660000004,
        0.029190427660000004,
        0.029182719660000002,
        0.029235761660000005,
        0.029205552660000002,
        0.029370386660000004,
        0.02920122066,
        0.028830969660000004,
        0.028779677660000003,
        0.028563345660000003,
        0.029334386660000003,
        0.02849417866,
        0.028593594660000003,
        0.028834886660000003,
        0.02834688666,
        0.028891178660000003,
        0.028730636660000003,
        0.02923909466,
        0.028734219660000004,
        0.02942342766,
        0.02915784466,
        0.029008136660000003,
        0.02892001166,
        0.028761469660000004,
        0.028606552660000003,
        0.02861022066,
        0.02883130366,
        0.028384552660000003,
        0.02899813666,
        0.028631803660000003,
        0.02910034466,
        0.02905721966,
        0.02891130366,
        0.02912863666,
        0.02930805366,
        0.029143220660000003,
        0.029035803660000005,
        0.028715886660000002,
        0.02878567866,
        0.028979845660000003,
        0.029238094660000005,
        0.029074969660000005,
        0.029278845660000004,
        0.029305636660000002,
        0.02925280366,
        0.028865970660000004,
        0.029100928660000004,
        0.02931121966,
        0.028997261660000002,
        0.029190386660000005,
        0.02918409466,
        0.02891092866,
        0.02907542766,
        0.029113219660000002,
        0.02938321966,
        0.02876234466,
        0.029073511660000002,
        0.028846802660000004,
        0.02893038666,
        0.02927067866,
        0.02926684466,
        0.028825219660000005,
        0.029153344660000004,
        0.029150178660000005,
        0.029105053660000005,
        0.02919467866,
        0.029272928660000003,
        0.029163678660000004,
        0.029224386660000004,
        0.02959380366,
        0.02924688666,
        0.02879296966,
        0.02902092866,
        0.029024761660000002,
        0.029309469660000004,
        0.028921261660000003,
        0.029012761660000004,
        0.02897913666,
        0.029319636660000002
      ],
      "exit_codes": [
        0,
        0,
        0,
        0,
        0,
        0,
        0,
        0,
        0,
        0,
        0,
        0,
        0,
        0,
        0,
        0,
        0,
        0,
        0,
        0,
        0,
        0,
        0,
        0,
        0,
        0,
        0,
        0,
        0,
        0,
        0,
        0,
        0,
        0,
        0,
        0,
        0,
        0,
        0,
        0,
        0,
        0,
        0,
        0,
        0,
        0,
        0,
        0,
        0,
        0,
        0,
        0,
        0,
        0,
        0,
        0,
        0,
        0,
        0,
        0,
        0,
        0,
        0,
        0,
        0,
        0,
        0,
        0,
        0,
        0,
        0,
        0,
        0,
        0,
        0,
        0,
        0,
        0,
        0,
        0,
        0,
        0,
        0,
        0,
        0,
        0,
        0,
        0,
        0,
        0,
        0,
        0,
        0
      ]
    },
    {
      "command": "./bin/swc files/typescript.js",
      "mean": 0.05874820279043478,
      "stddev": 0.0012646048220090575,
      "median": 0.05840915766,
      "user": 0.05108438173913044,
      "system": 0.006825333913043479,
      "min": 0.056813970660000004,
      "max": 0.061821886660000006,