{
  "results": [
    {
      "command": "./bin/yuku_typescript",
      "mean": 0.07871229557675678,
      "stddev": 0.0002915325374088156,
      "median": 0.07867740482,
      "user": 0.06321326216216215,
      "system": 0.015438434054054057,
      "min": 0.07821605082,
      "max": 0.07964224482,
      "times": [
        0.07904896182,
        0.07883283782,
        0.07869946782,
        0.07869170282,
        0.07865556482,
        0.07857468382,
        0.07867740482,
        0.07824511582,
        0.07828126382,
        0.07853170282,
        0.07917078982,
        0.07905411282,
        0.07872222982,
        0.07861951682,
        0.07835771581999999,
        0.07909940582,
        0.07865357082,
        0.07893863581999999,
        0.07859308782,
        0.07891896882,
        0.07964224482,
        0.07918304382,
        0.07879408482,
        0.07868687282,
        0.07868321682,
        0.07843696482,
        0.07861170282,
        0.07831059882,
        0.07858065482,
        0.07875271682,
        0.07859633382,
        0.07890424182,
        0.07867553182,
        0.07821605082,
        0.07845002982,
        0.07863209082,
        0.07883181582
      ],
      "memory_usage_byte": [
        41627648,
        41627648,
        41627648,
        41627648,
        41627648,
        41627648,
        41627648,
        41627648,
        41627648,
        41627648,
        41627648,
        41627648,
        41627648,
        41627648,
        41627648,
        41627648,
        41627648,
        41627648,
        41627648,
        41627648,
        41627648,
        41627648,
        41627648,
        41627648,
        41627648,
        41627648,
        41627648,
        41627648,
        41627648,
        41627648,
        41627648,
        41627648,
        41627648,
        41627648,
        41627648,
        41627648,
        41627648
      ],
      "exit_codes": [
        0,
        0,
        0,
        0,
        0,
        0,
        0,
        0,
        0,
        0,
        0,
        0,
        0,
        0,
        0,
        0,
        0,
        0,
        0,
        0,
        0,
        0,
        0,
        0,
        0,
        0,
        0,
        0,
        0,
        0,
        0,
        0,
        0,
        0,
        0,
        0,
        0
      ]
    },
    {
      "command": "./bin/oxc_typescript",
      "mean": 0.07674187594820511,
      "stddev": 0.0004312769944812719,
      "median": 0.07673240782,
      "user": 0.05503876666666667,
      "system": 0.02165345692307691,
      "min": 0.07567744182,
      "max": 0.07765360382,
      "times": [
        0.07567744182,
        0.07679109782,
        0.07686863782,
        0.07653182282,
        0.07725348482,
        0.07719513482,
        0.07740795482,
        0.07673240782,
        0.07728916082,
        0.07689194782,
        0.07689716682,
        0.07765360382,
        0.07657500282,
        0.07647581682,
        0.07723644882,
        0.07681261882,
        0.07722230682,
        0.07694798282,
        0.07675569182,
        0.07694606882,
        0.07737380982,
        0.07631949482,
        0.07670739182,
        0.07671979481999999,
        0.07660122182,
        0.07630603982,
        0.07616605782,
        0.07634194681999999,
        0.07746855781999999,
        0.07656564582,
        0.07614176282,
        0.07639187782,
        0.07651422382,
        0.07608876882,
        0.07675023682,
        0.07652972381999999,
        0.07695831582,
        0.07649029982,
        0.07633619182
      ],
      "memory_usage_byte": [
        55398400,
        55398400,
        55398400,
        55398400,
        55398400,
        55398400,
        55398400,
        55398400,
        55398400,
        55398400,
        55398400,
        55398400,
        55398400,
        55398400,
        55398400,
        55398400,
        55398400,
        55398400,
        55398400,
        55398400,
        55398400,
        55398400,
        55398400,
        55398400,
        55398400,
        55398400,
        55398400,
        55398400,
        55398400,
        55398400,
        55398400,
        55398400,
        55398400,
        55398400,
        55398400,
        55398400,
        55398400,
        55398400,
        55398400
      ],
      "exit_codes": [
        0,
        0,
        0,
        0,
        0,
        0,
        0,
        0,
        0,
        0,
        0,
        0,
        0,
        0,
        0,
        0,
        0,
        0,
        0,
        0,
        0,
        0,
        0,
        0,
        0,
        0,
        0,
        0,
        0,
        0,
        0,
        0,
        0,
        0,
        0,
        0,
        0,
        0,
        0
      ]
    },
    {
      "command": "./bin/swc_typescript",
      "mean": 0.16322132376444448,
      "stddev": 0.0006545136359819323,
      "median": 0.16322058632000003,
      "user": 0.12270032222222221,
      "system": 0.04043682444444445,
      "min": 0.16229041582,
      "max": 0.16455954382000001,
      "times": [
        0.16243565682000002,
        0.16295337682000002,
        0.16320049882,
        0.16234317382000002,
        0.16297246182000003,
        0.16273765282000002,
        0.16326611182,
        0.16229041582,
        0.16283617682,
        0.16324067382000002,
        0.16329554682000003,
        0.16393718782000002,
        0.16455954382000001,
        0.16266698982000002,
        0.16341116382,
        0.16399259182,
        0.16354877482000002,
        0.16429582982000002
      ],
      "memory_usage_byte": [
        94093312,
        94093312,
        94093312,
        94093312,
        94093312,
        94093312,
        94093312,
        94093312,
        94101504,
        94101504,
        94101504,
        94101504,
        94101504,
        94101504,
        94101504,
        94101504,
        94101504,
        94101504
      ],
      "exit_codes": [
        0,
        0,
        0,
        0,
        0,
        0,
        0,
        0,
        0,
        0,
        0,
        0,
        0,
        0,
        0,
        0,
        0,
        0
      ]
    },
    {
      "command": "./bin/jam_typescript",
      "mean": 0.19875053917714286,
      "stddev": 0.00066265404903552,
      "median": 0.19870964032000002,
      "user": 0.11446445714285713,
      "system": 0.08421073714285714,
      "min": 0.19802053482,
      "max": 0.20059640882000002,
      "times": [
        0.20059640882000002,
        0.19803962082,
        0.19877849482,
        0.19802053482,
        0.19826263782000003,
        0.19886540782,
        0.19881653482000003,
        0.19828110282000003,
        0.19831679982000003,
        0.19921214682000002,
        0.19921504182000002,
        0.19864078582000003,
        0.19901061982,
        0.19845141182
      ],
      "memory_usage_byte": [
        195129344,
        195129344,
        195129344,
        195129344,
        195129344,
        195129344,
        195129344,
        195129344,
        195129344,
        195129344,
        195129344,
        195129344,
        195129344,
        195129344
      ],
      "exit_codes": [
        0,
        0,
        0,
        0,
        0,
        0,
        0,
        0,
        0,
        0,
        0,
        0,
        0,
        0
      ]
    }
  ]
}
