{
  "results": [
    {
      "command": "./bin/yuku files/typescript.js",
      "mean": 0.08094773172333332,
      "stddev": 0.002649785357511892,
      "median": 0.08023043764,
      "user": 0.061372454444444426,
      "system": 0.01953854444444444,
      "min": 0.07965107014,
      "max": 0.09401817414000001,
      "times": [
        0.08078984514,
        0.08057460614,
        0.07999843514,
        0.08829890214,
        0.08112703114,
        0.07965107014,
        0.08019927814,
        0.08013776414,
        0.08084004814,
        0.08031553414,
        0.07995436314,
        0.07988936214,
        0.08044718914,
        0.08044893214,
        0.08038036514,
        0.08012537114,
        0.08009439414,
        0.07998218614,
        0.07989451214,
        0.07979201114,
        0.08007068914,
        0.08006215414,
        0.08001066814,
        0.08026041714,
        0.08021072614,
        0.08086158514,
        0.08156367914,
        0.09401817414000001,
        0.08123060014,
        0.08053754314,
        0.08013270114,
        0.08025014914,
        0.08031361814,
        0.07983568914,
        0.08187905514,
        0.07993969214
      ],
      "memory_usage_byte": [
        41037824,
        41037824,
        41037824,
        41037824,
        41037824,
        41037824,
        41037824,
        41037824,
        41037824,
        41037824,
        41037824,
        41037824,
        41037824,
        41037824,
        41037824,
        41037824,
        41037824,
        41037824,
        41037824,
        41037824,
        41037824,
        41037824,
        41037824,
        41037824,
        41037824,
        41037824,
        41037824,
        41037824,
        41037824,
        41037824,
        41037824,
        41037824,
        41037824,
        41037824,
        41037824,
        41037824
      ],
      "exit_codes": [
        0,
        0,
        0,
        0,
        0,
        0,
        0,
        0,
        0,
        0,
        0,
        0,
        0,
        0,
        0,
        0,
        0,
        0,
        0,
        0,
        0,
        0,
        0,
        0,
        0,
        0,
        0,
        0,
        0,
        0,
        0,
        0,
        0,
        0,
        0,
        0
      ]
    },
    {
      "command": "./bin/oxc files/typescript.js",
      "mean": 0.07990677522108108,
      "stddev": 0.0003224464115719576,
      "median": 0.07989487914,
      "user": 0.05184247621621621,
      "system": 0.0280091945945946,
      "min": 0.07916739714,
      "max": 0.08063087714,
      "times": [
        0.07981402814,
        0.08011496814,
        0.08063087714,
        0.07991514714,
        0.07954850514,
        0.07969511814,
        0.07953590114,
        0.08015638614,
        0.07929931114,
        0.08023999114,
        0.08034003714,
        0.08043108614,
        0.07999887214,
        0.07968233414,
        0.08025755314000001,
        0.07976912614,
        0.08014575614,
        0.08034311314,
        0.07961336614,
        0.07995781714,
        0.07986241814,
        0.07994838914,
        0.07989487914,
        0.07983772314,
        0.08017442914,
        0.07978960414,
        0.08019591814,
        0.08024014114,
        0.07994296914,
        0.07956466614,
        0.07970568714,
        0.07983953714,
        0.08005560814,
        0.07958200714,
        0.07916739714,
        0.07976115114,
        0.07949886314
      ],
      "memory_usage_byte": [
        55517184,
        55517184,
        55517184,
        55517184,
        55517184,
        55517184,
        55517184,
        55517184,
        55517184,
        55517184,
        55517184,
        55517184,
        55517184,
        55517184,
        55517184,
        55517184,
        55517184,
        55517184,
        55517184,
        55517184,
        55517184,
        55517184,
        55517184,
        55517184,
        55517184,
        55517184,
        55517184,
        55517184,
        55517184,
        55517184,
        55517184,
        55517184,
        55517184,
        55517184,
        55517184,
        55517184,
        55517184
      ],
      "exit_codes": [
        0,
        0,
        0,
        0,
        0,
        0,
        0,
        0,
        0,
        0,
        0,
        0,
        0,
        0,
        0,
        0,
        0,
        0,
        0,
        0,
        0,
        0,
        0,
        0,
        0,
        0,
        0,
        0,
        0,
        0,
        0,
        0,
        0,
        0,
        0,
        0,
        0
      ]
    },
    {
      "command": "./bin/swc files/typescript.js",
      "mean": 0.1599742930844444,
      "stddev": 0.0011259083948924205,
      "median": 0.15998843014,
      "user": 0.11550692666666665,
      "system": 0.0443886,
      "min": 0.15790568514,
      "max": 0.16239472614,
      "times": [
        0.16115728614,
        0.16065543414,
        0.16014182014,
        0.16040805414,
        0.16239472614,
        0.16119641914,
        0.15957262214,
        0.16025378014,
        0.15892213314,
        0.15898466014,
        0.15790568514,
        0.16143896914,
        0.15929441614,
        0.16008081714,
        0.15952891114,
        0.15914820314,
        0.15855729514,
        0.15989604314
      ],
      "memory_usage_byte": [
        94121984,
        94121984,
        94121984,
        94121984,
        94121984,
        94121984,
        94121984,
        94121984,
        94121984,
        94121984,
        94121984,
        94121984,
        94121984,
        94121984,
        94121984,
        94121984,
        94121984,
        94121984
      ],
      "exit_codes": [
        0,
        0,
        0,
        0,
        0,
        0,
        0,
        0,
        0,
        0,
        0,
        0,
        0,
        0,
        0,
        0,
        0,
        0
      ]
    },
    {
      "command": "./bin/jam files/typescript.js",
      "mean": 0.18965851720666665,
      "stddev": 0.0005704404688167944,
      "median": 0.18965299714,
      "user": 0.10194792666666666,
      "system": 0.08762473333333333,
      "min": 0.18888192514000002,
      "max": 0.19081253114000002,
      "times": [
        0.18907048514,
        0.19019908214,
        0.18915208614,
        0.18965299714,
        0.18888192514000002,
        0.18902572214000002,
        0.19081253114000002,
        0.18924499914,
        0.18986884814000002,
        0.19021702414,
        0.18923881714000002,
        0.18968069914000002,
        0.19025686614,
        0.19012738814000002,
        0.18944828714
      ],
      "memory_usage_byte": [
        194535424,
        194535424,
        194535424,
        194535424,
        194535424,
        194535424,
        194535424,
        194535424,
        194535424,
        194535424,
        194535424,
        194535424,
        194535424,
        194535424,
        194535424
      ],
      "exit_codes": [
        0,
        0,
        0,
        0,
        0,
        0,
        0,
        0,
        0,
        0,
        0,
        0,
        0,
        0,
        0
      ]
    }
  ]
}
