{
  "results": [
    {
      "command": "./bin/yuku files/typescript.js",
      "mean": 0.03138839056454546,
      "stddev": 0.00033110848659158553,
      "median": 0.03133489986,
      "user": 0.02777573636363637,
      "system": 0.0030189418181818185,
      "min": 0.03066719236,
      "max": 0.032526191360000005,
      "times": [
        0.03136577536,
        0.032058024360000006,
        0.03178115036,
        0.03150502536,
        0.03136035836000001,
        0.031675275360000005,
        0.031408150360000005,
        0.031761400360000004,
        0.031394399360000005,
        0.03176669236,
        0.031165566359999997,
        0.03111519136,
        0.03220577436,
        0.03194765036,
        0.031684650360000004,
        0.031216483360000002,
        0.031162024360000002,
        0.031103400360000002,
        0.03133023336,
        0.031658691360000005,
        0.03118773336,
        0.03148140036,
        0.03192623336,
        0.031115525359999997,
        0.031078399359999998,
        0.031192775359999998,
        0.031569483360000004,
        0.03104440036,
        0.031219524359999997,
        0.031196692359999997,
        0.031524399360000004,
        0.031404483360000006,
        0.03128748336000001,
        0.03066719236,
        0.03095873336,
        0.03185485836,
        0.03119064936,
        0.031317858360000006,
        0.03139898336,
        0.03099402536,
        0.03120560836,
        0.031277442360000005,
        0.03125819136000001,
        0.031444233360000004,
        0.031304941360000005,
        0.03120777536,
        0.03146098336000001,
        0.031378858360000005,
        0.03102752536,
        0.03107727536,
        0.031219483359999998,
        0.031184316360000002,
        0.03133956636,
        0.03103219136,
        0.030704192359999997,
        0.03161185836,
        0.031173358359999997,
        0.03134548336,
        0.03170523336,
        0.03117223336,
        0.031229150360000003,
        0.031929983360000004,
        0.03130510836,
        0.03086123336,
        0.031068025359999998,
        0.03124115036,
        0.03105760836,
        0.031848525360000005,
        0.032038566360000006,
        0.031113150359999998,
        0.03131185836000001,
        0.032526191360000005,
        0.031299691360000007,
        0.031670399360000004,
        0.030886524359999997,
        0.03150756636,
        0.03090269236,
        0.031564066360000004,
        0.03165731636000001,
        0.031664358360000006,
        0.03155248336,
        0.031524900360000004,
        0.03136215036,
        0.03168265036,
        0.03155298336,
        0.03166248336,
        0.03114344136,
        0.03160660836
      ],
      "exit_codes": [
        0,
        0,
        0,
        0,
        0,
        0,
        0,
        0,
        0,
        0,
        0,
        0,
        0,
        0,
        0,
        0,
        0,
        0,
        0,
        0,
        0,
        0,
        0,
        0,
        0,
        0,
        0,
        0,
        0,
        0,
        0,
        0,
        0,
        0,
        0,
        0,
        0,
        0,
        0,
        0,
        0,
        0,
        0,
        0,
        0,
        0,
        0,
        0,
        0,
        0,
        0,
        0,
        0,
        0,
        0,
        0,
        0,
        0,
        0,
        0,
        0,
        0,
        0,
        0,
        0,
        0,
        0,
        0,
        0,
        0,
        0,
        0,
        0,
        0,
        0,
        0,
        0,
        0,
        0,
        0,
        0,
        0,
        0,
        0,
        0,
        0,
        0,
        0
      ]
    },
    {
      "command": "./bin/oxc files/typescript.js",
      "mean": 0.029417486908387094,
      "stddev": 0.0004008278846549305,
      "median": 0.02939073336,
      "user": 0.024829847311827975,
      "system": 0.0038460664516129024,
      "min": 0.02862669136,
      "max": 0.03132535836000001,
      "times": [
        0.02952556636,
        0.02903439936,
        0.02926135836,
        0.02911919136,
        0.02932077436,
        0.029486608360000003,
        0.02896902536,
        0.02917135836,
        0.029030150360000003,
        0.02915735836,
        0.030002149359999997,
        0.02910677436,
        0.02951623336,
        0.029726733359999997,
        0.02891485836,
        0.029121233360000002,
        0.02966044136,
        0.02943956736,
        0.02931785836,
        0.028890150360000002,
        0.029318316360000003,
        0.029108691359999998,
        0.02968585836,
        0.02966310836,
        0.029583817359999997,
        0.029311524359999997,
        0.029288942359999997,
        0.02926648336,
        0.029463525360000003,
        0.02955306636,
        0.02927510836,
        0.029378733360000003,
        0.02909873336,
        0.028842899359999997,
        0.029124858360000002,
        0.029428191359999998,
        0.029290733359999998,
        0.028972317360000003,
        0.02965298336,
        0.03068173336,
        0.03132535836000001,
        0.030564108359999998,
        0.029642150359999998,
        0.02886898336,
        0.02941490036,
        0.029991317360000002,
        0.02914614936,
        0.02924969136,
        0.03025198336,
        0.029370900359999997,
        0.029029566359999998,
        0.029417149360000002,
        0.02939927536,
        0.02971335836,
        0.02930673336,
        0.029749066360000003,
        0.02918015036,
        0.02874214936,
        0.029430067360000003,
        0.02882664936,
        0.02976606736,
        0.029180525359999997,
        0.02862669136,
        0.029788733360000003,
        0.029587150359999998,
        0.029193817360000002,
        0.02977040036,
        0.02993048336,
        0.02919344136,
        0.029466399360000003,
        0.02958685836,
        0.02953810836,
        0.029484233359999997,
        0.029399733360000003,
        0.02899194136,
        0.029752400359999997,
        0.029321358359999997,
        0.02918594136,
        0.029550858359999998,
        0.02979198336,
        0.02939073336,
        0.02947244136,
        0.029300900360000003,
        0.029472066359999997,
        0.02938814936,
        0.02956606636,
        0.029147108359999997,
        0.029497983359999997,
        0.02927510836,
        0.02948769236,
        0.029078899359999997,
        0.029689900359999997,
        0.02957098336
      ],
      "exit_codes": [
        0,
        0,
        0,
        0,
        0,
        0,
        0,
        0,
        0,
        0,
        0,
        0,
        0,
        0,
        0,
        0,
        0,
        0,
        0,
        0,
        0,
        0,
        0,
        0,
        0,
        0,
        0,
        0,
        0,
        0,
        0,
        0,
        0,
        0,
        0,
        0,
        0,
        0,
        0,
        0,
        0,
        0,
        0,
        0,
        0,
        0,
        0,
        0,
        0,
        0,
        0,
        0,
        0,
        0,
        0,
        0,
        0,
        0,
        0,
        0,
        0,
        0,
        0,
        0,
        0,
        0,
        0,
        0,
        0,
        0,
        0,
        0,
        0,
        0,
        0,
        0,
        0,
        0,
        0,
        0,
        0,
        0,
        0,
        0,
        0,
        0,
        0,
        0,
        0,
        0,
        0,
        0,
        0
      ]
    }
  ]
}
