{
  "results": [
    {
      "command": "./bin/yuku_typescript",
      "mean": 0.07950546321729732,
      "stddev": 0.0004433876024533454,
      "median": 0.07943802792000002,
      "user": 0.06238486864864864,
      "system": 0.01706310594594595,
      "min": 0.07862949592000001,
      "max": 0.08078500892000001,
      "times": [
        0.07940657592000001,
        0.08009337392000002,
        0.07931853492000002,
        0.07947576792000001,
        0.07937383792000001,
        0.07941350192,
        0.07972941992000002,
        0.08001130192000001,
        0.07985231692000001,
        0.08004596592000002,
        0.07868446792000001,
        0.07930280592000001,
        0.08078500892000001,
        0.07928521392000001,
        0.07958549992000001,
        0.07955828092000002,
        0.07912017692000001,
        0.07925597892000001,
        0.07971800692000001,
        0.07935205792000001,
        0.07987162192000001,
        0.08054685592000001,
        0.07934926192000001,
        0.07902624192000002,
        0.07931506892000001,
        0.07943802792000002,
        0.07898832192000001,
        0.07906328092,
        0.07946452692000001,
        0.07862949592000001,
        0.07911230292000002,
        0.07909722392000001,
        0.07967139092000002,
        0.07963492292000002,
        0.07980004992,
        0.07961152892000001,
        0.07971391992000001
      ],
      "memory_usage_byte": [
        41627648,
        41627648,
        41627648,
        41627648,
        41627648,
        41627648,
        41627648,
        41627648,
        41627648,
        41627648,
        41627648,
        41627648,
        41627648,
        41627648,
        41627648,
        41627648,
        41627648,
        41627648,
        41627648,
        41627648,
        41627648,
        41627648,
        41627648,
        41627648,
        41627648,
        41627648,
        41627648,
        41627648,
        41627648,
        41627648,
        41627648,
        41627648,
        41627648,
        41627648,
        41627648,
        41627648,
        41627648
      ],
      "exit_codes": [
        0,
        0,
        0,
        0,
        0,
        0,
        0,
        0,
        0,
        0,
        0,
        0,
        0,
        0,
        0,
        0,
        0,
        0,
        0,
        0,
        0,
        0,
        0,
        0,
        0,
        0,
        0,
        0,
        0,
        0,
        0,
        0,
        0,
        0,
        0,
        0,
        0
      ]
    },
    {
      "command": "./bin/oxc_typescript",
      "mean": 0.07674727504820515,
      "stddev": 0.001993085171885091,
      "median": 0.07648618692,
      "user": 0.05403711743589744,
      "system": 0.022653929230769233,
      "min": 0.07549394692000001,
      "max": 0.08843324392000002,
      "times": [
        0.07611449892000001,
        0.07551902392000001,
        0.07595685692000001,
        0.07559056592,
        0.07603815892000002,
        0.07642021692,
        0.07574038492000001,
        0.07646287592,
        0.07709272592000001,
        0.07653228592000001,
        0.07593564692000002,
        0.07549394692000001,
        0.07713466392000001,
        0.07699604592,
        0.07644972292,
        0.07583941892000001,
        0.07671907192,
        0.07661712292000002,
        0.07654117192000001,
        0.07662008892000001,
        0.07676627392000002,
        0.07762133192000001,
        0.07728531092000002,
        0.07628497292000001,
        0.07698765792000001,
        0.08843324392000002,
        0.07734382892000001,
        0.07618300392,
        0.07604099992,
        0.07676896192000002,
        0.07696159992000001,
        0.07648618692,
        0.07649203692,
        0.07677548392000001,
        0.07687032992000001,
        0.07641850092000001,
        0.07612616792000002,
        0.07568701292,
        0.07579632592
      ],
      "memory_usage_byte": [
        55398400,
        55398400,
        55398400,
        55398400,
        55398400,
        55398400,
        55398400,
        55398400,
        55398400,
        55398400,
        55398400,
        55398400,
        55398400,
        55398400,
        55398400,
        55398400,
        55398400,
        55398400,
        55398400,
        55398400,
        55398400,
        55398400,
        55398400,
        55398400,
        55398400,
        55398400,
        55398400,
        55398400,
        55398400,
        55398400,
        55398400,
        55406592,
        55406592,
        55406592,
        55406592,
        55406592,
        55406592,
        55406592,
        55406592
      ],
      "exit_codes": [
        0,
        0,
        0,
        0,
        0,
        0,
        0,
        0,
        0,
        0,
        0,
        0,
        0,
        0,
        0,
        0,
        0,
        0,
        0,
        0,
        0,
        0,
        0,
        0,
        0,
        0,
        0,
        0,
        0,
        0,
        0,
        0,
        0,
        0,
        0,
        0,
        0,
        0,
        0
      ]
    },
    {
      "command": "./bin/swc_typescript",
      "mean": 0.16517811709647057,
      "stddev": 0.0018729508712644239,
      "median": 0.16502778992,
      "user": 0.12338392588235292,
      "system": 0.041728277647058824,
      "min": 0.16276549892,
      "max": 0.16940818392,
      "times": [
        0.16682387992,
        0.16283712292,
        0.16483935192000002,
        0.16276549892,
        0.16328637492,
        0.16940818392,
        0.16471783392,
        0.16750216592,
        0.16530303092,
        0.16443645192,
        0.16279630592,
        0.16506819492,
        0.16709791392,
        0.16606076792,
        0.16646641092,
        0.16502778992,
        0.16359071192
      ],
      "memory_usage_byte": [
        94035968,
        94035968,
        94035968,
        94035968,
        94035968,
        94035968,
        94035968,
        94035968,
        94035968,
        94035968,
        94035968,
        94035968,
        94035968,
        94035968,
        94035968,
        94035968,
        94035968
      ],
      "exit_codes": [
        0,
        0,
        0,
        0,
        0,
        0,
        0,
        0,
        0,
        0,
        0,
        0,
        0,
        0,
        0,
        0,
        0
      ]
    },
    {
      "command": "./bin/jam_typescript",
      "mean": 0.1988916382533334,
      "stddev": 0.0019244619212937582,
      "median": 0.19830742292,
      "user": 0.11478421999999999,
      "system": 0.08403342666666666,
      "min": 0.19773536992000001,
      "max": 0.20546014892,
      "times": [
        0.19802958592,
        0.19849525192,
        0.19815313592,
        0.19982512392000001,
        0.19789875392,
        0.19824962592,
        0.20546014892,
        0.19971189392,
        0.19890993292,
        0.19777431192,
        0.19788229292,
        0.19856213592,
        0.19837958692000002,
        0.19830742292,
        0.19773536992000001
      ],
      "memory_usage_byte": [
        195129344,
        195129344,
        195129344,
        195129344,
        195129344,
        195129344,
        195129344,
        195129344,
        195129344,
        195129344,
        195129344,
        195129344,
        195129344,
        195129344,
        195129344
      ],
      "exit_codes": [
        0,
        0,
        0,
        0,
        0,
        0,
        0,
        0,
        0,
        0,
        0,
        0,
        0,
        0,
        0
      ]
    }
  ]
}
