{
  "results": [
    {
      "command": "./bin/yuku files/typescript.js",
      "mean": 0.0850651826257143,
      "stddev": 0.0010616028623299874,
      "median": 0.08477487694,
      "user": 0.0651596257142857,
      "system": 0.019851439999999998,
      "min": 0.08428580794,
      "max": 0.09017159794,
      "times": [
        0.08443304094,
        0.08429887194,
        0.08447435094,
        0.08516772694,
        0.08506095794,
        0.08477487694,
        0.08517420894,
        0.08497791994,
        0.08537093394,
        0.08746874394,
        0.08454786494,
        0.08601370894,
        0.08447628094,
        0.08450519494,
        0.08490908594,
        0.08512856394,
        0.08455817394,
        0.08452720594,
        0.09017159794,
        0.08487699594,
        0.08467478994,
        0.08477347394,
        0.08444715694,
        0.08472100694,
        0.08455087994,
        0.08525312494,
        0.08529050494,
        0.08538275694,
        0.08527674894,
        0.08497267394,
        0.08483034894,
        0.08453247694,
        0.08462279394,
        0.08475054094,
        0.08428580794
      ],
      "memory_usage_byte": [
        42074112,
        42074112,
        42074112,
        42074112,
        42074112,
        42074112,
        42074112,
        42074112,
        42074112,
        42074112,
        42074112,
        42074112,
        42074112,
        42074112,
        42074112,
        42074112,
        42074112,
        42074112,
        42074112,
        42074112,
        42074112,
        42074112,
        42074112,
        42074112,
        42074112,
        42074112,
        42074112,
        42074112,
        42074112,
        42074112,
        42074112,
        42074112,
        42074112,
        42074112,
        42074112
      ],
      "exit_codes": [
        0,
        0,
        0,
        0,
        0,
        0,
        0,
        0,
        0,
        0,
        0,
        0,
        0,
        0,
        0,
        0,
        0,
        0,
        0,
        0,
        0,
        0,
        0,
        0,
        0,
        0,
        0,
        0,
        0,
        0,
        0,
        0,
        0,
        0,
        0
      ]
    },
    {
      "command": "./bin/oxc files/typescript.js",
      "mean": 0.08089095226432433,
      "stddev": 0.002876789909121372,
      "median": 0.08010565794,
      "user": 0.05147916702702704,
      "system": 0.02934958594594594,
      "min": 0.07863213694,
      "max": 0.09289663094,
      "times": [
        0.07863213694,
        0.08039001094,
        0.08038738994,
        0.07935465994,
        0.08086508794,
        0.08093224294,
        0.08010172794,
        0.08006875694,
        0.07986823894,
        0.08052131894,
        0.07971406494,
        0.08011077594,
        0.09289663094,
        0.08816440494,
        0.08936090794,
        0.08067026494,
        0.08001436094,
        0.08047520894,
        0.08026634494,
        0.08002025094,
        0.07947040594,
        0.07979375694,
        0.07958725294,
        0.07991523194,
        0.07969936094,
        0.08024178894,
        0.07998911594,
        0.08018883394,
        0.08034663394,
        0.08031178894,
        0.07975929294,
        0.08002020894,
        0.08042630494,
        0.07999250694,
        0.07988206194,
        0.08010565794,
        0.08042024294
      ],
      "memory_usage_byte": [
        55521280,
        55521280,
        55521280,
        55521280,
        55521280,
        55521280,
        55521280,
        55521280,
        55521280,
        55521280,
        55521280,
        55521280,
        55521280,
        55521280,
        55521280,
        55521280,
        55521280,
        55521280,
        55521280,
        55521280,
        55521280,
        55521280,
        55521280,
        55521280,
        55521280,
        55521280,
        55521280,
        55521280,
        55521280,
        55521280,
        55521280,
        55521280,
        55521280,
        55521280,
        55521280,
        55521280,
        55521280
      ],
      "exit_codes": [
        0,
        0,
        0,
        0,
        0,
        0,
        0,
        0,
        0,
        0,
        0,
        0,
        0,
        0,
        0,
        0,
        0,
        0,
        0,
        0,
        0,
        0,
        0,
        0,
        0,
        0,
        0,
        0,
        0,
        0,
        0,
        0,
        0,
        0,
        0,
        0,
        0
      ]
    },
    {
      "command": "./bin/swc files/typescript.js",
      "mean": 0.1616974662177778,
      "stddev": 0.0008987638715408833,
      "median": 0.16156171744,
      "user": 0.11628908444444444,
      "system": 0.04533114,
      "min": 0.16006832294,
      "max": 0.16324864194,
      "times": [
        0.16324864194,
        0.16141933294,
        0.16180114494,
        0.16316939494000002,
        0.16230962194,
        0.16267109794,
        0.16101488894000002,
        0.16122293694,
        0.16288380294000002,
        0.16172685594,
        0.16137665794,
        0.16006832294,
        0.16149201794,
        0.16091695094,
        0.16211084994,
        0.16039017294,
        0.16163141694,
        0.16110028294
      ],
      "memory_usage_byte": [
        94142464,
        94142464,
        94142464,
        94142464,
        94142464,
        94142464,
        94142464,
        94142464,
        94142464,
        94142464,
        94142464,
        94142464,
        94142464,
        94142464,
        94142464,
        94142464,
        94142464,
        94142464
      ],
      "exit_codes": [
        0,
        0,
        0,
        0,
        0,
        0,
        0,
        0,
        0,
        0,
        0,
        0,
        0,
        0,
        0,
        0,
        0,
        0
      ]
    },
    {
      "command": "./bin/jam files/typescript.js",
      "mean": 0.19217206574,
      "stddev": 0.0010429677601955431,
      "median": 0.19198842394,
      "user": 0.10533700666666665,
      "system": 0.08675150666666667,
      "min": 0.19050028994,
      "max": 0.19500154194,
      "times": [
        0.19253703194000002,
        0.19159881994,
        0.19202932994,
        0.19198842394,
        0.19220835394,
        0.19182505294000002,
        0.19181547594,
        0.19207598994,
        0.19179726194000002,
        0.19500154194,
        0.19377588194,
        0.19050028994,
        0.19240679594,
        0.19143738294,
        0.19158335294
      ],
      "memory_usage_byte": [
        194535424,
        194535424,
        194535424,
        194535424,
        194535424,
        194535424,
        194535424,
        194535424,
        194535424,
        194535424,
        194535424,
        194535424,
        194535424,
        194535424,
        194535424
      ],
      "exit_codes": [
        0,
        0,
        0,
        0,
        0,
        0,
        0,
        0,
        0,
        0,
        0,
        0,
        0,
        0,
        0
      ]
    }
  ]
}
