{
  "results": [
    {
      "command": "./bin/yuku files/typescript.js",
      "mean": 0.08343998018285717,
      "stddev": 0.0006410605041846882,
      "median": 0.08331996184000001,
      "user": 0.06064226,
      "system": 0.022729874285714286,
      "min": 0.08266013284000001,
      "max": 0.08656351084000001,
      "times": [
        0.08364461784,
        0.08331996184000001,
        0.08400305484000001,
        0.08327257584000002,
        0.08394818484000001,
        0.08387474784000001,
        0.08319270584,
        0.08323736984,
        0.08314712184,
        0.08302272984,
        0.08325995184000001,
        0.08339667684,
        0.08381460684000001,
        0.08307877384000001,
        0.08287780884000001,
        0.08361151684000001,
        0.08297213584,
        0.08308283184000001,
        0.08656351084000001,
        0.08290157384,
        0.08274314784,
        0.08326337784000001,
        0.08359882384,
        0.08341420984,
        0.08360454484,
        0.08266013284000001,
        0.08311371884,
        0.08383297984,
        0.08339480384,
        0.08370476184,
        0.08326341784,
        0.08304367884000001,
        0.08348892884,
        0.08348998984000001,
        0.08356033184
      ],
      "memory_usage_byte": [
        41574400,
        41574400,
        41574400,
        41574400,
        41574400,
        41574400,
        41574400,
        41574400,
        41574400,
        41574400,
        41574400,
        41574400,
        41574400,
        41574400,
        41574400,
        41574400,
        41574400,
        41574400,
        41574400,
        41574400,
        41574400,
        41574400,
        41574400,
        41574400,
        41574400,
        41574400,
        41574400,
        41574400,
        41574400,
        41574400,
        41574400,
        41574400,
        41574400,
        41574400,
        41574400
      ],
      "exit_codes": [
        0,
        0,
        0,
        0,
        0,
        0,
        0,
        0,
        0,
        0,
        0,
        0,
        0,
        0,
        0,
        0,
        0,
        0,
        0,
        0,
        0,
        0,
        0,
        0,
        0,
        0,
        0,
        0,
        0,
        0,
        0,
        0,
        0,
        0,
        0
      ]
    },
    {
      "command": "./bin/oxc files/typescript.js",
      "mean": 0.08065706009000001,
      "stddev": 0.0004703583400629407,
      "median": 0.08063699134,
      "user": 0.05243811,
      "system": 0.028157854444444446,
      "min": 0.07982668884,
      "max": 0.08228742584000001,
      "times": [
        0.08059362084,
        0.08066109684,
        0.08070236384000001,
        0.08086538784000001,
        0.08075067384000001,
        0.07995170184000001,
        0.08054180384000001,
        0.08048652084,
        0.08026186084,
        0.08068459084000001,
        0.08080610684,
        0.07982668884,
        0.07991983284000001,
        0.08059767784,
        0.08027322184,
        0.08052827784000001,
        0.08051791884000001,
        0.08047231484,
        0.08015122384000001,
        0.08061288584000001,
        0.07998055484000001,
        0.08028432284,
        0.08084971884000001,
        0.08101558584000002,
        0.08228742584000001,
        0.08072224084000001,
        0.08166517184000001,
        0.08081841084000001,
        0.08100009984,
        0.08136467084000001,
        0.08084333684,
        0.08059830884000001,
        0.08081649384,
        0.08093649784000001,
        0.08051860884,
        0.08074694384
      ],
      "memory_usage_byte": [
        55517184,
        55517184,
        55517184,
        55517184,
        55517184,
        55517184,
        55517184,
        55517184,
        55517184,
        55517184,
        55517184,
        55517184,
        55517184,
        55517184,
        55517184,
        55517184,
        55517184,
        55517184,
        55517184,
        55517184,
        55517184,
        55517184,
        55517184,
        55517184,
        55517184,
        55517184,
        55517184,
        55517184,
        55517184,
        55517184,
        55517184,
        55517184,
        55517184,
        55517184,
        55517184,
        55517184
      ],
      "exit_codes": [
        0,
        0,
        0,
        0,
        0,
        0,
        0,
        0,
        0,
        0,
        0,
        0,
        0,
        0,
        0,
        0,
        0,
        0,
        0,
        0,
        0,
        0,
        0,
        0,
        0,
        0,
        0,
        0,
        0,
        0,
        0,
        0,
        0,
        0,
        0,
        0
      ]
    },
    {
      "command": "./bin/swc files/typescript.js",
      "mean": 0.16239076334,
      "stddev": 0.0006545529625901574,
      "median": 0.16229883134,
      "user": 0.11809063777777778,
      "system": 0.04423410444444444,
      "min": 0.16152244084,
      "max": 0.16392628484,
      "times": [
        0.16291029984,
        0.16300734084,
        0.16200676484,
        0.16176825984,
        0.16152244084,
        0.16184109484,
        0.16236188684,
        0.16325405084,
        0.16262352484,
        0.16194125184,
        0.16227324084,
        0.16232442184,
        0.16197549884,
        0.16201826884,
        0.16235080884,
        0.16328279584,
        0.16164550484,
        0.16392628484
      ],
      "memory_usage_byte": [
        94121984,
        94121984,
        94121984,
        94121984,
        94121984,
        94121984,
        94121984,
        94121984,
        94121984,
        94121984,
        94121984,
        94121984,
        94121984,
        94121984,
        94121984,
        94121984,
        94121984,
        94121984
      ],
      "exit_codes": [
        0,
        0,
        0,
        0,
        0,
        0,
        0,
        0,
        0,
        0,
        0,
        0,
        0,
        0,
        0,
        0,
        0,
        0
      ]
    },
    {
      "command": "./bin/jam files/typescript.js",
      "mean": 0.19287557083999998,
      "stddev": 0.0012983451538942082,
      "median": 0.19272431184,
      "user": 0.09928612666666667,
      "system": 0.09349929333333334,
      "min": 0.19044015184,
      "max": 0.19575145784,
      "times": [
        0.19317441184,
        0.19265618484,
        0.19254281284,
        0.19575145784,
        0.19374866184,
        0.19421771684,
        0.19118446984,
        0.19272431184,
        0.19340603384,
        0.19411527684,
        0.19183484384,
        0.19213265884,
        0.19044015184,
        0.19282660284,
        0.19237796684
      ],
      "memory_usage_byte": [
        195076096,
        195076096,
        195076096,
        195076096,
        195076096,
        195076096,
        195076096,
        195076096,
        195076096,
        195076096,
        195076096,
        195076096,
        195076096,
        195076096,
        195076096
      ],
      "exit_codes": [
        0,
        0,
        0,
        0,
        0,
        0,
        0,
        0,
        0,
        0,
        0,
        0,
        0,
        0,
        0
      ]
    }
  ]
}
