{
  "results": [
    {
      "command": "./bin/yuku files/typescript.js",
      "mean": 0.03186432215149425,
      "stddev": 0.0002363895692719813,
      "median": 0.03189135514000001,
      "user": 0.028351534712643678,
      "system": 0.0030412908045977017,
      "min": 0.031146064140000002,
      "max": 0.03233610614,
      "times": [
        0.031749189139999995,
        0.032096398139999996,
        0.03188823014,
        0.032199314140000004,
        0.031801398140000006,
        0.03199173014000001,
        0.03184081414000001,
        0.03185864714,
        0.031931939140000004,
        0.031879314140000004,
        0.03224435614,
        0.032063231139999995,
        0.03210114714000001,
        0.03195185614,
        0.03196368914,
        0.03233610614,
        0.03191302214,
        0.032088147139999995,
        0.032065981140000005,
        0.03211852214000001,
        0.032087522140000005,
        0.03188443914,
        0.03217560514000001,
        0.03197514714000001,
        0.03216652214,
        0.03193348014,
        0.032044064139999995,
        0.031819647140000004,
        0.03156560514000001,
        0.03192723014,
        0.03189135514000001,
        0.031521606140000005,
        0.031548897140000004,
        0.031951731139999995,
        0.03183727214,
        0.03175618914,
        0.03231560614000001,
        0.032260980140000006,
        0.03163989714,
        0.03126698014,
        0.031730731139999996,
        0.03209789814,
        0.031723355140000006,
        0.03197718914,
        0.03209731414,
        0.03200573014000001,
        0.03149764714,
        0.03157877314,
        0.031956772140000006,
        0.03220106414,
        0.03217989714,
        0.03217823114,
        0.031605230139999996,
        0.031940022139999996,
        0.03194556414000001,
        0.031457397139999996,
        0.03180243914,
        0.03174823114,
        0.031146064140000002,
        0.03155368914000001,
        0.03189289814,
        0.03143798114,
        0.03176314714,
        0.031779647140000006,
        0.031753064139999995,
        0.03173802214,
        0.03192060614,
        0.03167898014000001,
        0.03196239714,
        0.03198481414,
        0.03186173114,
        0.031734606139999996,
        0.03171935514,
        0.03176043914,
        0.031604897140000004,
        0.03151452214,
        0.03160964714,
        0.03190706414,
        0.031791647140000004,
        0.03143802214000001,
        0.03191860514,
        0.03196806414,
        0.03177693914,
        0.031951105140000005,
        0.03181256414,
        0.032205606139999995,
        0.03163360514000001
      ],
      "exit_codes": [
        0,
        0,
        0,
        0,
        0,
        0,
        0,
        0,
        0,
        0,
        0,
        0,
        0,
        0,
        0,
        0,
        0,
        0,
        0,
        0,
        0,
        0,
        0,
        0,
        0,
        0,
        0,
        0,
        0,
        0,
        0,
        0,
        0,
        0,
        0,
        0,
        0,
        0,
        0,
        0,
        0,
        0,
        0,
        0,
        0,
        0,
        0,
        0,
        0,
        0,
        0,
        0,
        0,
        0,
        0,
        0,
        0,
        0,
        0,
        0,
        0,
        0,
        0,
        0,
        0,
        0,
        0,
        0,
        0,
        0,
        0,
        0,
        0,
        0,
        0,
        0,
        0,
        0,
        0,
        0,
        0,
        0,
        0,
        0,
        0,
        0,
        0
      ]
    },
    {
      "command": "./bin/oxc files/typescript.js",
      "mean": 0.02956827961311829,
      "stddev": 0.00019303626987893674,
      "median": 0.02959014714,
      "user": 0.025151648172043017,
      "system": 0.0037503086021505377,
      "min": 0.028991106140000004,
      "max": 0.02994898114,
      "times": [
        0.02961160614,
        0.029808647140000002,
        0.02964348014,
        0.029689772140000004,
        0.02959085614,
        0.029442605140000005,
        0.02952777314,
        0.02987277214,
        0.029521939139999998,
        0.02933414714,
        0.02972723114,
        0.02959014714,
        0.029759564140000003,
        0.02985177214,
        0.02970235614,
        0.02990598014,
        0.02966352214,
        0.02951123114,
        0.02994898114,
        0.02966218914,
        0.02937868914,
        0.02942818914,
        0.02950656414,
        0.02948714714,
        0.029716730140000005,
        0.02948485514,
        0.02978381414,
        0.029466230140000004,
        0.02950110614,
        0.029324106140000004,
        0.028991106140000004,
        0.029698314140000005,
        0.02943189714,
        0.02945002314,
        0.02935414714,
        0.02958043914,
        0.029393856140000004,
        0.02951123114,
        0.029785814140000002,
        0.029763689140000004,
        0.02977156414,
        0.02971968914,
        0.029111772140000002,
        0.02954577214,
        0.02933302314,
        0.02947498014,
        0.029202981140000004,
        0.029329106140000002,
        0.029438189140000005,
        0.02951360614,
        0.02927906414,
        0.02958431414,
        0.029937523140000002,
        0.02968968914,
        0.02944202214,
        0.02958806414,
        0.02920756414,
        0.02943085614,
        0.02962510614,
        0.02973656414,
        0.02961577314,
        0.02943010614,
        0.02940539714,
        0.02952156414,
        0.029445980140000005,
        0.02931360614,
        0.029608314140000005,
        0.02964043914,
        0.02988735514,
        0.02974206414,
        0.02991456414,
        0.02972885614,
        0.02966110514,
        0.029497105140000004,
        0.029598731140000004,
        0.02935039714,
        0.02961368914,
        0.02963698114,
        0.02909552214,
        0.029790439140000003,
        0.02946010514,
        0.02963548114,
        0.029666689140000004,
        0.02968193914,
        0.029590480140000004,
        0.029614564140000004,
        0.029511064140000005,
        0.02935377314,
        0.02948710614,
        0.029790106140000005,
        0.029683355140000003,
        0.029826981140000004,
        0.029684397140000002
      ],
      "exit_codes": [
        0,
        0,
        0,
        0,
        0,
        0,
        0,
        0,
        0,
        0,
        0,
        0,
        0,
        0,
        0,
        0,
        0,
        0,
        0,
        0,
        0,
        0,
        0,
        0,
        0,
        0,
        0,
        0,
        0,
        0,
        0,
        0,
        0,
        0,
        0,
        0,
        0,
        0,
        0,
        0,
        0,
        0,
        0,
        0,
        0,
        0,
        0,
        0,
        0,
        0,
        0,
        0,
        0,
        0,
        0,
        0,
        0,
        0,
        0,
        0,
        0,
        0,
        0,
        0,
        0,
        0,
        0,
        0,
        0,
        0,
        0,
        0,
        0,
        0,
        0,
        0,
        0,
        0,
        0,
        0,
        0,
        0,
        0,
        0,
        0,
        0,
        0,
        0,
        0,
        0,
        0,
        0,
        0
      ]
    },
    {
      "command": "./bin/swc files/typescript.js",
      "mean": 0.05821713987469389,
      "stddev": 0.0005939672930161628,
      "median": 0.05805148114,
      "user": 0.05088920489795918,
      "system": 0.006456348979591837,
      "min": 0.05754981414,
      "max": 0.06140202314,