{
  "results": [
    {
      "command": "./bin/yuku files/typescript.js",
      "mean": 0.03161132614772727,
      "stddev": 0.00023358946217247044,
      "median": 0.0316015905,
      "user": 0.028058976818181824,
      "system": 0.003039817272727273,
      "min": 0.031085798499999998,
      "max": 0.0322689245,
      "times": [
        0.0314272155,
        0.0318862985,
        0.0317299245,
        0.0315379245,
        0.0314247575,
        0.0315800905,
        0.0315291325,
        0.031668840499999996,
        0.0314965905,
        0.0315105905,
        0.0315102155,
        0.0315729245,
        0.0314642575,
        0.0313960495,
        0.0314397575,
        0.0316141325,
        0.0318852155,
        0.031125299500000002,
        0.0314037995,
        0.0315447155,
        0.0316248825,
        0.0316314235,
        0.0316247155,
        0.0316081325,
        0.0317044235,
        0.0317697165,
        0.0317153405,
        0.0318022155,
        0.0317344665,
        0.0314180075,
        0.0311793405,
        0.0317760075,
        0.0314614665,
        0.0314850075,
        0.0314929245,
        0.031501299499999996,
        0.0315410075,
        0.0318405075,
        0.0317101745,
        0.0318170075,
        0.0314762155,
        0.0315108415,
        0.0312869235,
        0.031132507499999997,
        0.031493007499999996,
        0.0316403415,
        0.0314705495,
        0.0318632575,
        0.0314221325,
        0.0319677155,
        0.0322542575,
        0.0319300905,
        0.0314162575,
        0.0315934665,
        0.0317322995,
        0.0318123825,
        0.0319750075,
        0.0322689245,
        0.0318100075,
        0.0316349655,
        0.0318550905,
        0.0315289655,
        0.0316677575,
        0.031085798499999998,
        0.0314087575,
        0.0316988825,
        0.0317751325,
        0.0316379245,
        0.0318310915,
        0.0313225905,
        0.0311541735,
        0.0318421325,
        0.0320319245,
        0.0318092985,
        0.0317505905,
        0.0314757165,
        0.0316052575,
        0.0317499655,
        0.0316040905,
        0.0311528415,
        0.0314711745,
        0.0314584245,
        0.0320665495,
        0.0315990905,
        0.0312887575,
        0.031590257499999996,
        0.0315865905,
        0.0318709245
      ],
      "exit_codes": [
        0,
        0,
        0,
        0,
        0,
        0,
        0,
        0,
        0,
        0,
        0,
        0,
        0,
        0,
        0,
        0,
        0,
        0,
        0,
        0,
        0,
        0,
        0,
        0,
        0,
        0,
        0,
        0,
        0,
        0,
        0,
        0,
        0,
        0,
        0,
        0,
        0,
        0,
        0,
        0,
        0,
        0,
        0,
        0,
        0,
        0,
        0,
        0,
        0,
        0,
        0,
        0,
        0,
        0,
        0,
        0,
        0,
        0,
        0,
        0,
        0,
        0,
        0,
        0,
        0,
        0,
        0,
        0,
        0,
        0,
        0,
        0,
        0,
        0,
        0,
        0,
        0,
        0,
        0,
        0,
        0,
        0,
        0,
        0,
        0,
        0,
        0,
        0
      ]
    },
    {
      "command": "./bin/oxc files/typescript.js",
      "mean": 0.029615550521505378,
      "stddev": 0.00027373973480789227,
      "median": 0.0295975495,
      "user": 0.025098043655913976,
      "system": 0.00377109806451613,
      "min": 0.028832340499999998,
      "max": 0.031177091499999997,
      "times": [
        0.029524882500000002,
        0.029837090499999996,
        0.031177091499999997,
        0.0295358415,
        0.0296011735,
        0.0296269235,
        0.029729174499999997,
        0.0296755905,
        0.029507965499999997,
        0.029799257500000002,
        0.029356799500000003,
        0.0296113415,
        0.029387340499999998,
        0.029826215500000003,
        0.029713840499999998,
        0.0297186325,
        0.0296211745,
        0.029662757499999998,
        0.0293081735,
        0.0294957155,
        0.0295711745,
        0.0293257165,
        0.0294597995,
        0.029611424499999997,
        0.029716798500000002,
        0.029284674499999996,
        0.0293367155,
        0.029957965500000003,
        0.0295286325,
        0.028832340499999998,
        0.029559257499999998,
        0.029591216499999996,
        0.0296440075,
        0.0298343825,
        0.029905590500000002,
        0.029608923500000002,
        0.0296372985,
        0.029551757499999998,
        0.029574882499999997,
        0.0295039655,
        0.0294518825,
        0.029482049500000003,
        0.0298911735,
        0.029243965499999997,
        0.0294235495,
        0.0300919245,
        0.029705382500000002,
        0.0295511325,
        0.0298970905,
        0.029738299500000002,
        0.0298349245,
        0.029568090499999998,
        0.029790341499999998,
        0.0295620495,
        0.0295975495,
        0.029265257500000003,
        0.029623840499999998,
        0.029634340500000002,
        0.0297993405,
        0.0298971745,
        0.0297674245,
        0.029582882499999998,
        0.0295152995,
        0.029878298499999997,
        0.029645632499999998,
        0.029525840499999997,
        0.029594382500000002,
        0.029810132500000003,
        0.030165382499999997,
        0.0299028415,
        0.0303141745,
        0.0298011745,
        0.029445215499999997,
        0.0294133825,
        0.0291037995,
        0.029338841499999997,
        0.029315799499999996,
        0.029478424500000003,
        0.029361424499999997,
        0.029558840500000003,
        0.029565048499999996,
        0.0295093405,
        0.029478382499999997,
        0.029625257500000002,
        0.0293595075,
        0.029637424500000002,
        0.029504382500000002,
        0.029635507499999998,
        0.029602591499999997,
        0.0295047575,
        0.0292728405,
        0.0296239665,
        0.0296051325
      ],
      "exit_codes": [
        0,
        0,
        0,
        0,
        0,
        0,
        0,
        0,
        0,
        0,
        0,
        0,
        0,
        0,
        0,
        0,
        0,
        0,
        0,
        0,
        0,
        0,
        0,
        0,
        0,
        0,
        0,
        0,
        0,
        0,
        0,
        0,
        0,
        0,
        0,
        0,
        0,
        0,
        0,
        0,
        0,
        0,
        0,
        0,
        0,
        0,
        0,
        0,
        0,
        0,
        0,
        0,
        0,
        0,
        0,
        0,
        0,
        0,
        0,
        0,
        0,
        0,
        0,
        0,
        0,
        0,
        0,
        0,
        0,
        0,
        0,
        0,
        0,
        0,
        0,
        0,
        0,
        0,
        0,
        0,
        0,
        0,
        0,
        0,
        0,
        0,
        0,
        0,
        0,
        0,
        0,
        0,
        0
      ]
    },
    {
      "command": "./bin/swc files/typescript.js",
      "mean": 0.05788865462244898,
      "stddev": 0.000400431769583036,
      "median": 0.0579017575,
      "user": 0.05071856285714285,
      "system": 0.006338799183673469,
      "min": 0.0570476325,
      "max": 0.058836465500000004,