{
  "results": [
    {
      "command": "./bin/yuku files/typescript.js",
      "mean": 0.0828770552857143,
      "stddev": 0.000794900874942381,
      "median": 0.0826647326,
      "user": 0.062312005714285704,
      "system": 0.0205231,
      "min": 0.0818155836,
      "max": 0.0867211236,
      "times": [
        0.0834071426,
        0.0840472966,
        0.08286849260000001,
        0.0826647326,
        0.08260151360000001,
        0.0823292036,
        0.0829642496,
        0.0825758946,
        0.0824738936,
        0.0825185366,
        0.0867211236,
        0.0835209216,
        0.0830344816,
        0.08287579460000001,
        0.0828047526,
        0.0826394936,
        0.0832589626,
        0.0825212926,
        0.0826456446,
        0.08272377060000001,
        0.0818155836,
        0.0827115786,
        0.0834658176,
        0.0826191156,
        0.0821254326,
        0.08248689860000001,
        0.08249106560000001,
        0.08242217760000001,
        0.0823579676,
        0.0824021706,
        0.08289854760000001,
        0.08261833360000001,
        0.0827475956,
        0.08322111160000001,
        0.0831163446
      ],
      "memory_usage_byte": [
        42074112,
        42074112,
        42074112,
        42074112,
        42074112,
        42074112,
        42074112,
        42074112,
        42074112,
        42074112,
        42074112,
        42074112,
        42074112,
        42074112,
        42074112,
        42074112,
        42074112,
        42074112,
        42074112,
        42074112,
        42074112,
        42074112,
        42074112,
        42074112,
        42074112,
        42074112,
        42074112,
        42074112,
        42074112,
        42074112,
        42074112,
        42074112,
        42074112,
        42074112,
        42074112
      ],
      "exit_codes": [
        0,
        0,
        0,
        0,
        0,
        0,
        0,
        0,
        0,
        0,
        0,
        0,
        0,
        0,
        0,
        0,
        0,
        0,
        0,
        0,
        0,
        0,
        0,
        0,
        0,
        0,
        0,
        0,
        0,
        0,
        0,
        0,
        0,
        0,
        0
      ]
    },
    {
      "command": "./bin/oxc files/typescript.js",
      "mean": 0.0800887149611111,
      "stddev": 0.00044455931467518063,
      "median": 0.0801582196,
      "user": 0.05159455888888889,
      "system": 0.02843022222222222,
      "min": 0.0790765576,
      "max": 0.0809006876,
      "times": [
        0.08051545660000001,
        0.0800412706,
        0.0802321576,
        0.07955404960000001,
        0.0798679966,
        0.0795199666,
        0.0794911626,
        0.0790765576,
        0.07914395360000001,
        0.0793717386,
        0.0804737286,
        0.08055425960000001,
        0.08064448860000001,
        0.0802239126,
        0.0801508456,
        0.0796798756,
        0.0809006876,
        0.08026226360000001,
        0.08041542060000001,
        0.0798731456,
        0.07972603160000001,
        0.0795592396,
        0.0803603266,
        0.0808586986,
        0.08020662960000001,
        0.08033600360000001,
        0.0801655936,
        0.0800705256,
        0.0800984576,
        0.08026719260000001,
        0.0800736006,
        0.0800997796,
        0.0803530226,
        0.0800762156,
        0.0804692916,
        0.0804801916
      ],
      "memory_usage_byte": [
        55517184,
        55517184,
        55517184,
        55517184,
        55517184,
        55517184,
        55517184,
        55517184,
        55517184,
        55517184,
        55517184,
        55517184,
        55517184,
        55517184,
        55517184,
        55517184,
        55517184,
        55517184,
        55517184,
        55517184,
        55517184,
        55517184,
        55517184,
        55517184,
        55517184,
        55517184,
        55517184,
        55517184,
        55517184,
        55517184,
        55517184,
        55517184,
        55517184,
        55517184,
        55517184,
        55517184
      ],
      "exit_codes": [
        0,
        0,
        0,
        0,
        0,
        0,
        0,
        0,
        0,
        0,
        0,
        0,
        0,
        0,
        0,
        0,
        0,
        0,
        0,
        0,
        0,
        0,
        0,
        0,
        0,
        0,
        0,
        0,
        0,
        0,
        0,
        0,
        0,
        0,
        0,
        0
      ]
    },
    {
      "command": "./bin/swc files/typescript.js",
      "mean": 0.16066013782222224,
      "stddev": 0.0025148310143255134,
      "median": 0.1601793936,
      "user": 0.11555342,
      "system": 0.0450168888888889,
      "min": 0.15860114360000002,
      "max": 0.17024975760000002,
      "times": [
        0.1608534436,
        0.1602440746,
        0.15985942460000002,
        0.1601653076,
        0.1592745416,
        0.17024975760000002,
        0.1605960716,
        0.16110151760000002,
        0.16019347960000002,
        0.1597573746,
        0.1595724386,
        0.1614680186,
        0.1605170046,
        0.15860114360000002,
        0.1592346506,
        0.1594536326,
        0.15948877860000002,
        0.1612518206
      ],
      "memory_usage_byte": [
        94121984,
        94121984,
        94121984,
        94121984,
        94121984,
        94121984,
        94121984,
        94121984,
        94121984,
        94121984,
        94121984,
        94121984,
        94121984,
        94121984,
        94121984,
        94121984,
        94121984,
        94121984
      ],
      "exit_codes": [
        0,
        0,
        0,
        0,
        0,
        0,
        0,
        0,
        0,
        0,
        0,
        0,
        0,
        0,
        0,
        0,
        0,
        0
      ]
    },
    {
      "command": "./bin/jam files/typescript.js",
      "mean": 0.19110704733333336,
      "stddev": 0.0017335782744463805,
      "median": 0.19038828060000001,
      "user": 0.10135092,
      "system": 0.08968223333333332,
      "min": 0.18904302960000002,
      "max": 0.19563728860000001,
      "times": [
        0.1927581766,
        0.19248272160000002,
        0.1897271906,
        0.1896859146,
        0.1900931056,
        0.1900287176,
        0.19068071360000002,
        0.1903272326,
        0.18904302960000002,
        0.19038828060000001,
        0.19113453160000002,
        0.19563728860000001,
        0.1930630066,
        0.19000074260000002,
        0.19155505760000002
      ],
      "memory_usage_byte": [
        194535424,
        194535424,
        194535424,
        194535424,
        194535424,
        194535424,
        194535424,
        194535424,
        194535424,
        194535424,
        194535424,
        194535424,
        194535424,
        194535424,
        194535424
      ],
      "exit_codes": [
        0,
        0,
        0,
        0,
        0,
        0,
        0,
        0,
        0,
        0,
        0,
        0,
        0,
        0,
        0
      ]
    }
  ]
}
