{
  "results": [
    {
      "command": "./bin/yuku files/typescript.js",
      "mean": 0.08207571812666668,
      "stddev": 0.0005622747537365641,
      "median": 0.08196226896,
      "user": 0.0588908888888889,
      "system": 0.02314495777777777,
      "min": 0.08122901096,
      "max": 0.08393427996,
      "times": [
        0.08173662396,
        0.08185678896,
        0.08131581696,
        0.08153345496,
        0.08314534896,
        0.08313262596,
        0.08198391696,
        0.08156037496,
        0.08247227996,
        0.08201750896,
        0.08255681896,
        0.08266320696,
        0.08194154796,
        0.08181226596,
        0.08155982296,
        0.08202541496,
        0.08180260396,
        0.08174239096,
        0.08204909396,
        0.08122901096,
        0.08191214796,
        0.08393427996,
        0.08260662696,
        0.08246659396,
        0.08224063196,
        0.08188451596,
        0.08149648096,
        0.08135791096,
        0.08250875496,
        0.08223994996,
        0.08198298996,
        0.08170947796,
        0.08188451596,
        0.08182674796,
        0.08200529196,
        0.08253201696
      ],
      "memory_usage_byte": [
        41582592,
        41582592,
        41582592,
        41582592,
        41582592,
        41582592,
        41582592,
        41582592,
        41582592,
        41582592,
        41582592,
        41582592,
        41582592,
        41582592,
        41582592,
        41582592,
        41582592,
        41582592,
        41582592,
        41582592,
        41582592,
        41582592,
        41582592,
        41582592,
        41582592,
        41582592,
        41582592,
        41582592,
        41582592,
        41582592,
        41582592,
        41582592,
        41582592,
        41582592,
        41582592,
        41582592
      ],
      "exit_codes": [
        0,
        0,
        0,
        0,
        0,
        0,
        0,
        0,
        0,
        0,
        0,
        0,
        0,
        0,
        0,
        0,
        0,
        0,
        0,
        0,
        0,
        0,
        0,
        0,
        0,
        0,
        0,
        0,
        0,
        0,
        0,
        0,
        0,
        0,
        0,
        0
      ]
    },
    {
      "command": "./bin/oxc files/typescript.js",
      "mean": 0.07923267139243244,
      "stddev": 0.0004179258818057158,
      "median": 0.07920263896,
      "user": 0.0514002027027027,
      "system": 0.027783031351351347,
      "min": 0.07848034696,
      "max": 0.08030627396,
      "times": [
        0.07953917496,
        0.07906798496,
        0.07922412696,
        0.07910091696,
        0.07892688196,
        0.07891674296,
        0.07891431896,
        0.07870843296,
        0.07903555496,
        0.07975184196,
        0.07920602296,
        0.07910860096,
        0.07948226896,
        0.07975980696,
        0.07957417996,
        0.07849221996,
        0.07848034696,
        0.07874490296,
        0.07997622096,
        0.07929062096,
        0.07949901396,
        0.08030627396,
        0.07972576896,
        0.07923916796,
        0.07921114596,
        0.07953828796,
        0.07893220496,
        0.07943969296,
        0.07920263896,
        0.07904064696,
        0.07870043096,
        0.07907147496,
        0.07980511696,
        0.07919504496,
        0.07877838596,
        0.07892289696,
        0.07969947896
      ],
      "memory_usage_byte": [
        55517184,
        55517184,
        55517184,
        55517184,
        55517184,
        55517184,
        55517184,
        55517184,
        55517184,
        55517184,
        55517184,
        55517184,
        55517184,
        55517184,
        55517184,
        55517184,
        55517184,
        55517184,
        55517184,
        55517184,
        55517184,
        55517184,
        55517184,
        55517184,
        55517184,
        55517184,
        55517184,
        55517184,
        55517184,
        55517184,
        55517184,
        55517184,
        55517184,
        55517184,
        55517184,
        55517184,
        55517184
      ],
      "exit_codes": [
        0,
        0,
        0,
        0,
        0,
        0,
        0,
        0,
        0,
        0,
        0,
        0,
        0,
        0,
        0,
        0,
        0,
        0,
        0,
        0,
        0,
        0,
        0,
        0,
        0,
        0,
        0,
        0,
        0,
        0,
        0,
        0,
        0,
        0,
        0,
        0,
        0
      ]
    },
    {
      "command": "./bin/swc files/typescript.js",
      "mean": 0.1605539281266667,
      "stddev": 0.0007655066615491617,
      "median": 0.16057205396000002,
      "user": 0.11667305555555554,
      "system": 0.04379968000000001,
      "min": 0.15897418096000002,
      "max": 0.16186596896,
      "times": [
        0.16105635496,
        0.16153122196,
        0.16118680896,
        0.16091250596,
        0.16186596896,
        0.16018998596,
        0.16023398696,
        0.15897418096000002,
        0.15920420196,
        0.16111235896,
        0.16027931296,
        0.16016652896,
        0.16084886796,
        0.15980971396000002,
        0.16018068796,
        0.16033204896,
        0.16081205896,
        0.16127391096000002
      ],
      "memory_usage_byte": [
        94146560,
        94146560,
        94146560,
        94146560,
        94146560,
        94146560,
        94146560,
        94146560,
        94146560,
        94146560,
        94146560,
        94146560,
        94146560,
        94146560,
        94146560,
        94146560,
        94146560,
        94146560
      ],
      "exit_codes": [
        0,
        0,
        0,
        0,
        0,
        0,
        0,
        0,
        0,
        0,
        0,
        0,
        0,
        0,
        0,
        0,
        0,
        0
      ]
    },
    {
      "command": "./bin/jam files/typescript.js",
      "mean": 0.19086020689333333,
      "stddev": 0.0005710017178077086,
      "median": 0.19083723496000002,
      "user": 0.1003145,
      "system": 0.09044607999999998,
      "min": 0.18970820496000002,
      "max": 0.19167100396,
      "times": [
        0.18970820496000002,
        0.19050147796,
        0.19049635796,
        0.19132083996000002,
        0.19013157596,
        0.19122312896000002,
        0.19158197696,
        0.19040727996,
        0.19069869596,
        0.19092868596,
        0.19083723496000002,
        0.19127833996000002,
        0.19152435996,
        0.19059393996000001,
        0.19167100396
      ],
      "memory_usage_byte": [
        195080192,
        195080192,
        195080192,
        195080192,
        195080192,
        195080192,
        195080192,
        195080192,
        195080192,
        195080192,
        195080192,
        195080192,
        195080192,
        195080192,
        195080192
      ],
      "exit_codes": [
        0,
        0,
        0,
        0,
        0,
        0,
        0,
        0,
        0,
        0,
        0,
        0,
        0,
        0,
        0
      ]
    }
  ]
}
