{
  "results": [
    {
      "command": "./bin/yuku files/typescript.js",
      "mean": 0.08206070806571429,
      "stddev": 0.0006179946882352807,
      "median": 0.08183349097999999,
      "user": 0.06010460285714286,
      "system": 0.021916085714285705,
      "min": 0.08134253497999999,
      "max": 0.08409582998,
      "times": [
        0.08293247097999999,
        0.08301028498,
        0.08203637798,
        0.08158052798,
        0.08183349097999999,
        0.08184686498,
        0.08178891698,
        0.08170748598,
        0.08159638798,
        0.08210783198,
        0.08313776298,
        0.08193857598,
        0.08168656598,
        0.08171615098,
        0.08254145098,
        0.08181882298,
        0.08145387298,
        0.08173306297999999,
        0.08134253497999999,
        0.08158712098,
        0.08190055498,
        0.08260301498,
        0.08241452398,
        0.08409582998,
        0.08193247498,
        0.08168085598,
        0.08182043598,
        0.08246549898,
        0.08265150598,
        0.08150198198,
        0.08158004798,
        0.08135198298,
        0.08150622998,
        0.08303684498,
        0.08218643598
      ],
      "memory_usage_byte": [
        41574400,
        41574400,
        41574400,
        41574400,
        41574400,
        41574400,
        41574400,
        41574400,
        41574400,
        41574400,
        41574400,
        41574400,
        41574400,
        41574400,
        41574400,
        41574400,
        41574400,
        41574400,
        41574400,
        41574400,
        41574400,
        41574400,
        41574400,
        41574400,
        41574400,
        41574400,
        41574400,
        41574400,
        41574400,
        41574400,
        41574400,
        41574400,
        41574400,
        41574400,
        41574400
      ],
      "exit_codes": [
        0,
        0,
        0,
        0,
        0,
        0,
        0,
        0,
        0,
        0,
        0,
        0,
        0,
        0,
        0,
        0,
        0,
        0,
        0,
        0,
        0,
        0,
        0,
        0,
        0,
        0,
        0,
        0,
        0,
        0,
        0,
        0,
        0,
        0,
        0
      ]
    },
    {
      "command": "./bin/oxc files/typescript.js",
      "mean": 0.07956374825027025,
      "stddev": 0.000528859159741075,
      "median": 0.07953175498,
      "user": 0.05164723837837837,
      "system": 0.027871664864864865,
      "min": 0.07848461198,
      "max": 0.08074020897999999,
      "times": [
        0.08010620998,
        0.08027255697999999,
        0.07988408198,
        0.07941220198,
        0.07943918298,
        0.07870071498,
        0.07866835498,
        0.07848461198,
        0.07910952798,
        0.07985642098,
        0.08074020897999999,
        0.07967793798,
        0.08032628398,
        0.07996568497999999,
        0.07922305298,
        0.07908521298,
        0.07953175498,
        0.08013289998,
        0.07950131498,
        0.07964371998,
        0.07968956598,
        0.07995828698,
        0.08007941298,
        0.08025099298,
        0.08007060598,
        0.08013593798,
        0.07946290298,
        0.07958992998,
        0.07962309198,
        0.07926769898,
        0.07914770498,
        0.07929363698,
        0.07884965898,
        0.07903675798,
        0.07876267698,
        0.07948918198,
        0.07938870398
      ],
      "memory_usage_byte": [
        55517184,
        55517184,
        55517184,
        55517184,
        55517184,
        55517184,
        55517184,
        55517184,
        55517184,
        55517184,
        55517184,
        55517184,
        55517184,
        55517184,
        55517184,
        55517184,
        55517184,
        55517184,
        55517184,
        55517184,
        55517184,
        55517184,
        55517184,
        55517184,
        55517184,
        55517184,
        55517184,
        55517184,
        55517184,
        55517184,
        55517184,
        55517184,
        55517184,
        55517184,
        55517184,
        55517184,
        55517184
      ],
      "exit_codes": [
        0,
        0,
        0,
        0,
        0,
        0,
        0,
        0,
        0,
        0,
        0,
        0,
        0,
        0,
        0,
        0,
        0,
        0,
        0,
        0,
        0,
        0,
        0,
        0,
        0,
        0,
        0,
        0,
        0,
        0,
        0,
        0,
        0,
        0,
        0,
        0,
        0
      ]
    },
    {
      "command": "./bin/swc files/typescript.js",
      "mean": 0.16232038509111116,
      "stddev": 0.0022567694726826817,
      "median": 0.16152719348,
      "user": 0.11738880444444444,
      "system": 0.04485641111111111,
      "min": 0.15982888198,
      "max": 0.16789545498000003,
      "times": [
        0.16235177498000003,
        0.15982888198,
        0.16260911498000002,
        0.16032265198,
        0.16065902898,
        0.16136233998000002,
        0.16239101898000002,
        0.16111105198000003,
        0.16073389998,
        0.16097054998000002,
        0.16143149998,
        0.16162288698000002,
        0.16127143198000002,
        0.16401519798000003,
        0.16781079398,
        0.16789545498000003,
        0.16250830798000002,
        0.16287104398000002
      ],
      "memory_usage_byte": [
        94154752,
        94154752,
        94154752,
        94154752,
        94154752,
        94154752,
        94154752,
        94154752,
        94154752,
        94154752,
        94154752,
        94154752,
        94154752,
        94154752,
        94154752,
        94154752,
        94154752,
        94154752
      ],
      "exit_codes": [
        0,
        0,
        0,
        0,
        0,
        0,
        0,
        0,
        0,
        0,
        0,
        0,
        0,
        0,
        0,
        0,
        0,
        0
      ]
    },
    {
      "command": "./bin/jam files/typescript.js",
      "mean": 0.19113208098,
      "stddev": 0.0012023007877450143,
      "median": 0.19052205198000002,
      "user": 0.10261666,
      "system": 0.08841713333333333,
      "min": 0.19012754698,
      "max": 0.19351795598000002,
      "times": [
        0.19090443798,
        0.19124262498000003,
        0.19309980798,
        0.19351795598000002,
        0.19138291598,
        0.19020280798000003,
        0.19028706398000003,
        0.19035888898000003,
        0.19034845898000002,
        0.19052205198000002,
        0.19033645698,
        0.19012754698,
        0.19014691298000003,
        0.19118746298000003,
        0.19331581998000003
      ],
      "memory_usage_byte": [
        195076096,
        195076096,
        195076096,
        195076096,
        195076096,
        195076096,
        195076096,
        195076096,
        195076096,
        195076096,
        195076096,
        195076096,
        195076096,
        195076096,
        195076096
      ],
      "exit_codes": [
        0,
        0,
        0,
        0,
        0,
        0,
        0,
        0,
        0,
        0,
        0,
        0,
        0,
        0,
        0
      ]
    }
  ]
}
