{
  "results": [
    {
      "command": "./bin/yuku files/typescript.js",
      "mean": 0.08283963858444447,
      "stddev": 0.0020733412445305614,
      "median": 0.08228509764000001,
      "user": 0.06230334000000001,
      "system": 0.020458137777777774,
      "min": 0.08191902364,
      "max": 0.09358674064000001,
      "times": [
        0.08211311664000001,
        0.08191902364,
        0.08218642264,
        0.08196461164,
        0.08240789764,
        0.08219714264000001,
        0.08201890964000001,
        0.08212773364,
        0.09358674064000001,
        0.08233343764,
        0.08226684364000002,
        0.08250557964,
        0.08308718464,
        0.08260748964000002,
        0.08202142464,
        0.08230335164000001,
        0.08405896664000001,
        0.08216341964000001,
        0.08233807964,
        0.08217705564000001,
        0.08218859764000001,
        0.08239108464000001,
        0.08219028064000002,
        0.08236301364000001,
        0.08240173164000002,
        0.08286512064000001,
        0.08214919364,
        0.08193688764000001,
        0.08705317364000001,
        0.08235349564000001,
        0.08467566064000001,
        0.08275973464000001,
        0.08198714164000001,
        0.08208816964000001,
        0.08231937164000001,
        0.08211989964000001
      ],
      "memory_usage_byte": [
        40906752,
        40906752,
        40906752,
        40906752,
        40906752,
        40906752,
        40906752,
        40906752,
        40906752,
        40906752,
        40906752,
        40906752,
        40906752,
        40906752,
        40906752,
        40906752,
        40906752,
        40906752,
        40906752,
        40906752,
        40906752,
        40906752,
        40906752,
        40906752,
        40906752,
        40906752,
        40906752,
        40906752,
        40906752,
        40906752,
        40906752,
        40906752,
        40906752,
        40906752,
        40906752,
        40906752
      ],
      "exit_codes": [
        0,
        0,
        0,
        0,
        0,
        0,
        0,
        0,
        0,
        0,
        0,
        0,
        0,
        0,
        0,
        0,
        0,
        0,
        0,
        0,
        0,
        0,
        0,
        0,
        0,
        0,
        0,
        0,
        0,
        0,
        0,
        0,
        0,
        0,
        0,
        0
      ]
    },
    {
      "command": "./bin/oxc files/typescript.js",
      "mean": 0.08040501900111113,
      "stddev": 0.0005025989239561075,
      "median": 0.08027710364000001,
      "user": 0.052276617777777784,
      "system": 0.028054332222222218,
      "min": 0.07970008964000001,
      "max": 0.08193981264000001,
      "times": [
        0.08146042764000001,
        0.08021488164000001,
        0.08094083664000001,
        0.08122400764000001,
        0.07970008964000001,
        0.08016568064000001,
        0.07972963564,
        0.07983856964000001,
        0.08045757564000001,
        0.08012529664000001,
        0.07977770564000002,
        0.08002211264000002,
        0.07983253764,
        0.08016517964000001,
        0.08017747264000001,
        0.08030323764000001,
        0.07980415464000001,
        0.08039605564,
        0.08021508264,
        0.08023491964000001,
        0.08025096964000002,
        0.08050195764000001,
        0.08040668064,
        0.08035541464000001,
        0.08031811464000001,
        0.08024614764000002,
        0.08020780964000002,
        0.08044322864000002,
        0.08193981264000001,
        0.08072337164000001,
        0.08074595464,
        0.08118924164,
        0.08078644964000001,
        0.08097904964000001,
        0.08060504064000001,
        0.08009598064000001
      ],
      "memory_usage_byte": [
        55517184,
        55517184,
        55517184,
        55517184,
        55517184,
        55517184,
        55517184,
        55517184,
        55517184,
        55517184,
        55517184,
        55517184,
        55517184,
        55517184,
        55517184,
        55517184,
        55517184,
        55517184,
        55517184,
        55517184,
        55517184,
        55517184,
        55517184,
        55517184,
        55517184,
        55517184,
        55517184,
        55517184,
        55517184,
        55517184,
        55517184,
        55517184,
        55517184,
        55517184,
        55517184,
        55517184
      ],
      "exit_codes": [
        0,
        0,
        0,
        0,
        0,
        0,
        0,
        0,
        0,
        0,
        0,
        0,
        0,
        0,
        0,
        0,
        0,
        0,
        0,
        0,
        0,
        0,
        0,
        0,
        0,
        0,
        0,
        0,
        0,
        0,
        0,
        0,
        0,
        0,
        0,
        0
      ]
    },
    {
      "command": "./bin/swc files/typescript.js",
      "mean": 0.16339505269555557,
      "stddev": 0.001820938160297777,
      "median": 0.16287391464,
      "user": 0.11872139555555557,
      "system": 0.04458041555555556,
      "min": 0.16105546364,
      "max": 0.16858471064000002,
      "times": [
        0.16595915364000002,
        0.16105546364,
        0.16270052264,
        0.16277112364000001,
        0.16550124164000002,
        0.16113374664000002,
        0.16220739164,
        0.16322915064000001,
        0.16208496364000002,
        0.16297670564000002,
        0.16364902464000003,
        0.16420658564,
        0.16267598364000002,
        0.16858471064000002,
        0.16237930364000003,
        0.16359904164000003,
        0.16398790664000001,
        0.16240892864
      ],
      "memory_usage_byte": [
        94150656,
        94150656,
        94150656,
        94150656,
        94150656,
        94150656,
        94150656,
        94150656,
        94150656,
        94150656,
        94150656,
        94150656,
        94183424,
        94183424,
        94183424,
        94183424,
        94183424,
        94183424
      ],
      "exit_codes": [
        0,
        0,
        0,
        0,
        0,
        0,
        0,
        0,
        0,
        0,
        0,
        0,
        0,
        0,
        0,
        0,
        0,
        0
      ]
    },
    {
      "command": "./bin/jam files/typescript.js",
      "mean": 0.1899926501066667,
      "stddev": 0.0006334850657223632,
      "median": 0.19017684164,
      "user": 0.10004960666666667,
      "system": 0.08984316,
      "min": 0.18896225464000002,
      "max": 0.19125792964000002,
      "times": [
        0.18907276964000003,
        0.18939204564,
        0.19037512164,
        0.19019410364000003,
        0.19017684164,
        0.18955502964,
        0.18896225464000002,
        0.18949465764,
        0.19068791464,
        0.19032480764,
        0.19026728064,
        0.19050278964000003,
        0.18959569664,
        0.19125792964000002,
        0.19003050864
      ],
      "memory_usage_byte": [
        194535424,
        194535424,
        194535424,
        194535424,
        194535424,
        194535424,
        194535424,
        194535424,
        194535424,
        194535424,
        194535424,
        194535424,
        194535424,
        194535424,
        194535424
      ],
      "exit_codes": [
        0,
        0,
        0,
        0,
        0,
        0,
        0,
        0,
        0,
        0,
        0,
        0,
        0,
        0,
        0
      ]
    }
  ]
}
