{
  "results": [
    {
      "command": "./bin/yuku files/typescript.js",
      "mean": 0.08177695513333333,
      "stddev": 0.0007747656195386538,
      "median": 0.0818414318,
      "user": 0.06057541222222223,
      "system": 0.021166492222222222,
      "min": 0.0794260773,
      "max": 0.0838805963,
      "times": [
        0.0820910683,
        0.0816412443,
        0.0821373343,
        0.0818445113,
        0.0814172293,
        0.0820256563,
        0.0801623823,
        0.0794260773,
        0.0822518563,
        0.0823381053,
        0.0819063253,
        0.0817679193,
        0.0819706343,
        0.08113154930000001,
        0.0818522353,
        0.0827037643,
        0.0807189053,
        0.0813436723,
        0.0808990373,
        0.08114636630000001,
        0.0815787883,
        0.0820991423,
        0.0815703223,
        0.0838805963,
        0.0818638673,
        0.0817303893,
        0.0818013303,
        0.0822023933,
        0.0818740483,
        0.0818648213,
        0.0818383523,
        0.0815360413,
        0.08160700330000001,
        0.08322620530000001,
        0.0828096923,
        0.08171151730000001
      ],
      "memory_usage_byte": [
        41574400,
        41574400,
        41574400,
        41574400,
        41574400,
        41574400,
        41574400,
        41574400,
        41574400,
        41574400,
        41574400,
        41574400,
        41574400,
        41574400,
        41574400,
        41574400,
        41574400,
        41574400,
        41574400,
        41574400,
        41574400,
        41574400,
        41574400,
        41574400,
        41574400,
        41574400,
        41574400,
        41574400,
        41574400,
        41574400,
        41574400,
        41574400,
        41574400,
        41574400,
        41574400,
        41574400
      ],
      "exit_codes": [
        0,
        0,
        0,
        0,
        0,
        0,
        0,
        0,
        0,
        0,
        0,
        0,
        0,
        0,
        0,
        0,
        0,
        0,
        0,
        0,
        0,
        0,
        0,
        0,
        0,
        0,
        0,
        0,
        0,
        0,
        0,
        0,
        0,
        0,
        0,
        0
      ]
    },
    {
      "command": "./bin/oxc files/typescript.js",
      "mean": 0.07912407157027028,
      "stddev": 0.0003972824524926023,
      "median": 0.0790279673,
      "user": 0.05125564270270269,
      "system": 0.027816533513513507,
      "min": 0.0784919743,
      "max": 0.0801004163,
      "times": [
        0.0789974213,
        0.07916932930000001,
        0.0798430293,
        0.0800428473,
        0.0792653583,
        0.0788898213,
        0.0790279673,
        0.0790066383,
        0.0794217073,
        0.0797632313,
        0.0793015653,
        0.0789757013,
        0.0789616953,
        0.0785668123,
        0.0801004163,
        0.0792480653,
        0.0789471483,
        0.0790861153,
        0.0792792833,
        0.0786621393,
        0.07929279930000001,
        0.0789745783,
        0.0788517813,
        0.0789037873,
        0.0787252163,
        0.0790286593,
        0.0791603323,
        0.0790014483,
        0.0787714123,
        0.0785877413,
        0.0787008013,
        0.0784919743,
        0.0788756353,
        0.0790939403,
        0.0797758343,
        0.0796125833,
        0.0791858303
      ],
      "memory_usage_byte": [
        55517184,
        55517184,
        55517184,
        55517184,
        55517184,
        55517184,
        55517184,
        55517184,
        55517184,
        55517184,
        55517184,
        55517184,
        55517184,
        55517184,
        55517184,
        55517184,
        55517184,
        55517184,
        55517184,
        55517184,
        55517184,
        55517184,
        55517184,
        55517184,
        55517184,
        55517184,
        55517184,
        55517184,
        55517184,
        55517184,
        55517184,
        55517184,
        55517184,
        55517184,
        55517184,
        55517184,
        55517184
      ],
      "exit_codes": [
        0,
        0,
        0,
        0,
        0,
        0,
        0,
        0,
        0,
        0,
        0,
        0,
        0,
        0,
        0,
        0,
        0,
        0,
        0,
        0,
        0,
        0,
        0,
        0,
        0,
        0,
        0,
        0,
        0,
        0,
        0,
        0,
        0,
        0,
        0,
        0,
        0
      ]
    },
    {
      "command": "./bin/swc files/typescript.js",
      "mean": 0.15855078602222225,
      "stddev": 0.001388516421884155,
      "median": 0.15846464980000002,
      "user": 0.1157730511111111,
      "system": 0.042710131111111105,
      "min": 0.15537864630000003,
      "max": 0.16163941930000003,
      "times": [
        0.16022618330000002,
        0.15763124130000003,
        0.16163941930000003,
        0.15894776130000002,
        0.15861979330000003,
        0.15874800130000002,
        0.15798846130000002,
        0.15760051430000002,
        0.15807194830000001,
        0.16096846730000003,
        0.1577684863,
        0.15837919430000003,
        0.15747268530000003,
        0.15855010530000002,
        0.15861368230000003,
        0.1583411573,
        0.15537864630000003,
        0.1589684003
      ],
      "memory_usage_byte": [
        94150656,
        94150656,
        94150656,
        94150656,
        94150656,
        94150656,
        94150656,
        94150656,
        94150656,
        94150656,
        94150656,
        94150656,
        94150656,
        94150656,
        94150656,
        94150656,
        94150656,
        94150656
      ],
      "exit_codes": [
        0,
        0,
        0,
        0,
        0,
        0,
        0,
        0,
        0,
        0,
        0,
        0,
        0,
        0,
        0,
        0,
        0,
        0
      ]
    },
    {
      "command": "./bin/jam files/typescript.js",
      "mean": 0.1916352043,
      "stddev": 0.0007965996578616426,
      "median": 0.19164711230000003,
      "user": 0.10323727333333332,
      "system": 0.08831475333333332,
      "min": 0.18984618430000003,
      "max": 0.19283792030000002,
      "times": [
        0.19152603730000003,
        0.19041079930000002,
        0.19255162930000003,
        0.19211734430000002,
        0.19137770230000004,
        0.19283792030000002,
        0.18984618430000003,
        0.19109894630000002,
        0.19176709530000002,
        0.1914010063,
        0.1923513283,
        0.19203057330000003,
        0.19228957330000002,
        0.1912748123,
        0.19164711230000003
      ],
      "memory_usage_byte": [
        195080192,
        195080192,
        195080192,
        195080192,
        195080192,
        195080192,
        195080192,
        195080192,
        195080192,
        195080192,
        195080192,
        195080192,
        195080192,
        195080192,
        195080192
      ],
      "exit_codes": [
        0,
        0,
        0,
        0,
        0,
        0,
        0,
        0,
        0,
        0,
        0,
        0,
        0,
        0,
        0
      ]
    }
  ]
}
