{
  "results": [
    {
      "command": "./bin/yuku files/typescript.js",
      "mean": 0.07129344607804877,
      "stddev": 0.0005789087068920793,
      "median": 0.0711602152,
      "user": 0.056854909268292675,
      "system": 0.014338772195121953,
      "min": 0.0708075492,
      "max": 0.0742760252,
      "times": [
        0.0712332562,
        0.0709420132,
        0.0713069172,
        0.0708075492,
        0.0710621082,
        0.0709666582,
        0.0715525532,
        0.0715463462,
        0.07110525919999999,
        0.0742760252,
        0.0714357712,
        0.0713330102,
        0.0715417052,
        0.0711987862,
        0.0711602152,
        0.0710565252,
        0.07143425119999999,
        0.0720392052,
        0.0712985932,
        0.0710950022,
        0.0724974322,
        0.0714658562,
        0.0714546782,
        0.0711945212,
        0.0708597362,
        0.0713722082,
        0.0709273192,
        0.0708859292,
        0.0708400782,
        0.0711270412,
        0.0710331102,
        0.0709539582,
        0.0708800842,
        0.0714266572,
        0.0709218962,
        0.0709998732,
        0.0711744152,
        0.0711129572,
        0.0714181972,
        0.0711337442,
        0.0709598452
      ],
      "memory_usage_byte": [
        40808448,
        40808448,
        40808448,
        40808448,
        40808448,
        40808448,
        40808448,
        40808448,
        40808448,
        40808448,
        40808448,
        40808448,
        40808448,
        40808448,
        40808448,
        40808448,
        40808448,
        40808448,
        40808448,
        40808448,
        40808448,
        40808448,
        40808448,
        40808448,
        40808448,
        40808448,
        40808448,
        40808448,
        40808448,
        40808448,
        40808448,
        40808448,
        40808448,
        40808448,
        40808448,
        40808448,
        40808448,
        40808448,
        40808448,
        40808448,
        40808448
      ],
      "exit_codes": [
        0,
        0,
        0,
        0,
        0,
        0,
        0,
        0,
        0,
        0,
        0,
        0,
        0,
        0,
        0,
        0,
        0,
        0,
        0,
        0,
        0,
        0,
        0,
        0,
        0,
        0,
        0,
        0,
        0,
        0,
        0,
        0,
        0,
        0,
        0,
        0,
        0,
        0,
        0,
        0,
        0
      ]
    },
    {
      "command": "./bin/oxc files/typescript.js",
      "mean": 0.07031241170000001,
      "stddev": 0.0012735993038127244,
      "median": 0.0698627082,
      "user": 0.05059777047619048,
      "system": 0.01963259333333333,
      "min": 0.0695707882,
      "max": 0.0756297682,
      "times": [
        0.0697601612,
        0.0697089182,
        0.0709561592,
        0.0696103312,
        0.0697357852,
        0.06994914719999999,
        0.0749568752,
        0.0717141852,
        0.0699536872,
        0.0697093032,
        0.0705492912,
        0.0698342302,
        0.0700921522,
        0.0695777482,
        0.0696604442,
        0.0698538792,
        0.0756297682,
        0.0698237062,
        0.0701939822,
        0.0701651752,
        0.0700300382,
        0.0698379772,
        0.0698013252,
        0.0698451022,
        0.0700984402,
        0.0698066352,
        0.0700535792,
        0.0697560812,
        0.0698715372,
        0.0697085432,
        0.06981417919999999,
        0.0695707882,
        0.0698178312,
        0.07032557119999999,
        0.0702958702,
        0.0707583482,
        0.0701042702,
        0.0696821552,
        0.0727855152,
        0.0699784522,
        0.0697019262,
        0.0700421952
      ],
      "memory_usage_byte": [
        55648256,
        55648256,
        55648256,
        55648256,
        55648256,
        55648256,
        55648256,
        55648256,
        55648256,
        55648256,
        55648256,
        55648256,
        55648256,
        55648256,
        55648256,
        55648256,
        55648256,
        55648256,
        55648256,
        55648256,
        55648256,
        55648256,
        55648256,
        55648256,
        55648256,
        55648256,
        55648256,
        55648256,
        55648256,
        55648256,
        55648256,
        55648256,
        55648256,
        55648256,
        55648256,
        55648256,
        55648256,
        55648256,
        55648256,
        55648256,
        55648256,
        55648256
      ],
      "exit_codes": [
        0,
        0,
        0,
        0,
        0,
        0,
        0,
        0,
        0,
        0,
        0,
        0,
        0,
        0,
        0,
        0,
        0,
        0,
        0,
        0,
        0,
        0,
        0,
        0,
        0,
        0,
        0,
        0,
        0,
        0,
        0,
        0,
        0,
        0,
        0,
        0,
        0,
        0,
        0,
        0,
        0,
        0
      ]
    },
    {
      "command": "./bin/swc files/typescript.js",
      "mean": 0.14236524710000004,
      "stddev": 0.0004404125184096009,
      "median": 0.14220130720000002,
      "user": 0.10919662999999998,
      "system": 0.03306275999999999,
      "min": 0.1415132572,
      "max": 0.1433270822,
      "times": [
        0.1424049212,
        0.14213344020000002,
        0.1421242032,
        0.1421456902,
        0.1421858002,
        0.1433270822,
        0.14187600920000001,
        0.14220215220000001,
        0.14288787320000002,
        0.14220046220000002,
        0.1424979042,
        0.1425479462,
        0.1420813242,
        0.1420369192,
        0.1425851482,
        0.1425325952,
        0.1415132572,
        0.14321016920000001,
        0.1427533372,
        0.1420587072
      ],
      "memory_usage_byte": [
        94277632,
        94277632,
        94277632,
        94277632,
        94277632,
        94277632,
        94277632,
        94277632,
        94277632,
        94277632,
        94277632,
        94277632,
        94277632,
        94277632,
        94277632,
        94277632,
        94277632,
        94277632,
        94277632,
        94277632
      ],
      "exit_codes": [
        0,
        0,
        0,
        0,
        0,
        0,
        0,
        0,
        0,
        0,
        0,
        0,
        0,
        0,
        0,
        0,
        0,
        0,
        0,
        0
      ]
    },
    {
      "command": "./bin/jam files/typescript.js",
      "mean": 0.16253601014444444,
      "stddev": 0.0012564218860886803,
      "median": 0.1625137637,
      "user": 0.09715641333333333,
      "system": 0.06527903777777778,
      "min": 0.1597040862,
      "max": 0.1655051742,
      "times": [
        0.1624552062,
        0.16257019520000002,
        0.1621150552,
        0.1630799852,
        0.1638743222,
        0.1630623552,
        0.1624573322,
        0.1626380712,
        0.1621413152,
        0.1627761852,
        0.1622631242,
        0.1629615292,
        0.1655051742,
        0.1597040862,
        0.1641000742,
        0.1612191892,
        0.16148751020000002,
        0.1612374722
      ],
      "memory_usage_byte": [
        194568192,
        194568192,
        194568192,
        194568192,
        194568192,
        194568192,
        194568192,
        194568192,
        194568192,
        194568192,
        194568192,
        194568192,
        194568192,
        194568192,
        194568192,
        194568192,
        194568192,
        194568192
      ],
      "exit_codes": [
        0,
        0,
        0,
        0,
        0,
        0,
        0,
        0,
        0,
        0,
        0,
        0,
        0,
        0,
        0,
        0,
        0,
        0
      ]
    }
  ]
}
