{
  "results": [
    {
      "command": "./bin/yuku files/typescript.js",
      "mean": 0.07079487651619049,
      "stddev": 0.0007305095402002781,
      "median": 0.07064900154,
      "user": 0.056880782857142834,
      "system": 0.013809759047619047,
      "min": 0.07031458504,
      "max": 0.07503262504000001,
      "times": [
        0.07078723104000001,
        0.07095953004000001,
        0.07111784804000001,
        0.07066511504,
        0.07049498904000001,
        0.07048821104000001,
        0.07086627604000001,
        0.07047453204000001,
        0.07051297204000001,
        0.07055485104,
        0.07090976204,
        0.07503262504000001,
        0.07068109204,
        0.07041849804000001,
        0.07102734304000001,
        0.07119962004000001,
        0.07116417404000001,
        0.07048305204000001,
        0.07062039604,
        0.07038749304000001,
        0.07031458504,
        0.07054980504000001,
        0.07055608304000001,
        0.07067809404000001,
        0.07175373004,
        0.07064773004000001,
        0.07042771004000001,
        0.07070932804,
        0.07100899304000001,
        0.07104516804000001,
        0.07044812604,
        0.07065027304,
        0.07047090304,
        0.07077975504,
        0.07040055204000001,
        0.07037167404000001,
        0.07061126304000001,
        0.07037485204,
        0.07039907304000001,
        0.07074896204,
        0.07068399204,
        0.07090855104
      ],
      "memory_usage_byte": [
        40808448,
        40808448,
        40808448,
        40808448,
        40808448,
        40808448,
        40808448,
        40808448,
        40808448,
        40808448,
        40808448,
        40808448,
        40808448,
        40808448,
        40808448,
        40808448,
        40808448,
        40808448,
        40808448,
        40808448,
        40808448,
        40808448,
        40808448,
        40808448,
        40808448,
        40808448,
        40808448,
        40808448,
        40808448,
        40808448,
        40808448,
        40808448,
        40808448,
        40808448,
        40808448,
        40808448,
        40808448,
        40808448,
        40808448,
        40808448,
        40808448,
        40808448
      ],
      "exit_codes": [
        0,
        0,
        0,
        0,
        0,
        0,
        0,
        0,
        0,
        0,
        0,
        0,
        0,
        0,
        0,
        0,
        0,
        0,
        0,
        0,
        0,
        0,
        0,
        0,
        0,
        0,
        0,
        0,
        0,
        0,
        0,
        0,
        0,
        0,
        0,
        0,
        0,
        0,
        0,
        0,
        0,
        0
      ]
    },
    {
      "command": "./bin/oxc files/typescript.js",
      "mean": 0.06885266252837212,
      "stddev": 0.0005068773086229794,
      "median": 0.06878047504000001,
      "user": 0.0491422795348837,
      "system": 0.019635384186046514,
      "min": 0.06822886704,
      "max": 0.07145718204000001,
      "times": [
        0.06907831904,
        0.06899853104,
        0.06904733004000001,
        0.06873636604000001,
        0.06881047904000001,
        0.06857629604000001,
        0.06878822604000001,
        0.06869444404000001,
        0.06860811404,
        0.06886340704,
        0.06845874204,
        0.06916626304000001,
        0.06899422704000001,
        0.06890432904,
        0.06879508204000001,
        0.06928961004,
        0.06909599304000001,
        0.06822886704,
        0.06831376504,
        0.06869897204000001,
        0.06834316804000001,
        0.06867599404000001,
        0.06882585104000001,
        0.06878047504000001,
        0.06841239504,
        0.06860762304000001,
        0.07145718204000001,
        0.06926460704000001,
        0.06895600704,
        0.06959253904000001,
        0.06916295104,
        0.06941804004,
        0.06854946004000001,
        0.06844476004000001,
        0.06848037504000001,
        0.06862656304,
        0.06869782004000001,
        0.06892019304000001,
        0.06864020704000001,
        0.06860600504000001,
        0.06840530004,
        0.06887497804,
        0.06877463204
      ],
      "memory_usage_byte": [
        55648256,
        55648256,
        55648256,
        55648256,
        55648256,
        55648256,
        55648256,
        55648256,
        55648256,
        55648256,
        55648256,
        55648256,
        55648256,
        55648256,
        55648256,
        55648256,
        55648256,
        55648256,
        55648256,
        55648256,
        55648256,
        55648256,
        55648256,
        55648256,
        55648256,
        55648256,
        55648256,
        55648256,
        55648256,
        55648256,
        55648256,
        55648256,
        55648256,
        55648256,
        55648256,
        55648256,
        55648256,
        55648256,
        55648256,
        55648256,
        55648256,
        55648256,
        55648256
      ],
      "exit_codes": [
        0,
        0,
        0,
        0,
        0,
        0,
        0,
        0,
        0,
        0,
        0,
        0,
        0,
        0,
        0,
        0,
        0,
        0,
        0,
        0,
        0,
        0,
        0,
        0,
        0,
        0,
        0,
        0,
        0,
        0,
        0,
        0,
        0,
        0,
        0,
        0,
        0,
        0,
        0,
        0,
        0,
        0,
        0
      ]
    },
    {
      "command": "./bin/swc files/typescript.js",
      "mean": 0.14151055114000002,
      "stddev": 0.0018849235027346767,
      "median": 0.14083830104,
      "user": 0.10781898999999999,
      "system": 0.03358429,
      "min": 0.13863434904000002,
      "max": 0.14566174304,
      "times": [
        0.14274053104,
        0.14027738304,
        0.14188162504000001,
        0.14273111504000002,
        0.14082620304000001,
        0.14067887204,
        0.14085039904000002,
        0.14054354804000002,
        0.14566174304,
        0.14555728304,
        0.14210459104,
        0.14379142104,
        0.14225193304,
        0.14042900504,
        0.14065871004000002,
        0.14005335004000002,
        0.13936302404,
        0.13958922404000002,
        0.13863434904000002,
        0.14158671304
      ],
      "memory_usage_byte": [
        94285824,
        94285824,
        94285824,
        94285824,
        94285824,
        94285824,
        94285824,
        94285824,
        94285824,
        94285824,
        94285824,
        94285824,
        94285824,
        94285824,
        94285824,
        94285824,
        94285824,
        94285824,
        94285824,
        94285824
      ],
      "exit_codes": [
        0,
        0,
        0,
        0,
        0,
        0,
        0,
        0,
        0,
        0,
        0,
        0,
        0,
        0,
        0,
        0,
        0,
        0,
        0,
        0
      ]
    },
    {
      "command": "./bin/jam files/typescript.js",
      "mean": 0.15999482987333333,
      "stddev": 0.0010430446076669419,
      "median": 0.16023780854000003,
      "user": 0.09721713999999998,
      "system": 0.06269480666666666,
      "min": 0.15779844304,
      "max": 0.16127257804,
      "times": [
        0.16056502004,
        0.15997444804000002,
        0.15954904204,
        0.15977559904000002,
        0.15984136304000002,
        0.15782520504000003,
        0.16014830104000002,
        0.16127257804,
        0.15779844304,
        0.16080181604000002,
        0.16045122304,
        0.16104726804000002,
        0.16032731604,
        0.15843920304,
        0.16062187304,
        0.15963858204,
        0.16093719704,
        0.16089246004000002
      ],