{
  "results": [
    {
      "command": "./bin/yuku files/typescript.js",
      "mean": 0.08226018650222221,
      "stddev": 0.00028981646091992406,
      "median": 0.08217140128,
      "user": 0.06175197111111111,
      "system": 0.02043931111111111,
      "min": 0.08177470378,
      "max": 0.08298854478,
      "times": [
        0.08198481778,
        0.08298854478,
        0.08213092078,
        0.08205531878,
        0.08197950678,
        0.08202924978000001,
        0.08195469978,
        0.08177470378,
        0.08196819578,
        0.08259101078,
        0.08225639578,
        0.08251440778000001,
        0.08252893478000001,
        0.08238173978,
        0.08229656978000001,
        0.08259064078,
        0.08253400478,
        0.08240346078,
        0.08204130278,
        0.08203992978,
        0.08213646078,
        0.08254533578,
        0.08272610378,
        0.08273828578,
        0.08254304078000001,
        0.08258678278,
        0.08202776678,
        0.08232146678,
        0.08203826678000001,
        0.08211050178,
        0.08209908978000001,
        0.08234081278000001,
        0.08202243678,
        0.08220634178,
        0.08187153478,
        0.08200813078000001
      ],
      "memory_usage_byte": [
        40906752,
        40906752,
        40906752,
        40906752,
        40906752,
        40906752,
        40906752,
        40906752,
        40906752,
        40906752,
        40906752,
        40906752,
        40906752,
        40906752,
        40906752,
        40906752,
        40906752,
        40906752,
        40906752,
        40906752,
        40906752,
        40906752,
        40906752,
        40906752,
        40906752,
        40906752,
        40906752,
        40906752,
        40906752,
        40906752,
        40906752,
        40906752,
        40906752,
        40906752,
        40906752,
        40906752
      ],
      "exit_codes": [
        0,
        0,
        0,
        0,
        0,
        0,
        0,
        0,
        0,
        0,
        0,
        0,
        0,
        0,
        0,
        0,
        0,
        0,
        0,
        0,
        0,
        0,
        0,
        0,
        0,
        0,
        0,
        0,
        0,
        0,
        0,
        0,
        0,
        0,
        0,
        0
      ]
    },
    {
      "command": "./bin/oxc files/typescript.js",
      "mean": 0.08090743116888892,
      "stddev": 0.0003949960481386605,
      "median": 0.08084774678000001,
      "user": 0.0524422488888889,
      "system": 0.028398144444444433,
      "min": 0.08035479678,
      "max": 0.08270071178,
      "times": [
        0.08085031078,
        0.08091632178000001,
        0.08095208778,
        0.08104940178,
        0.08077481678000001,
        0.08082585278,
        0.08077176178,
        0.08069325678,
        0.08082969378,
        0.08084138578,
        0.08036652978,
        0.08084518278,
        0.08050943678,
        0.08092116578,
        0.08065855478,
        0.08035479678,
        0.08055945978000001,
        0.08044284178,
        0.08069250778,
        0.08096782178,
        0.08113688878,
        0.08106517278,
        0.08151913278,
        0.08099252878,
        0.08096469678,
        0.08070907978,
        0.08073833278,
        0.08084135578,
        0.08270071178,
        0.08093972778,
        0.08092804778,
        0.08071859678,
        0.08091584478,
        0.08107490278,
        0.08125558978,
        0.08134372478
      ],
      "memory_usage_byte": [
        55517184,
        55517184,
        55517184,
        55517184,
        55517184,
        55517184,
        55517184,
        55517184,
        55517184,
        55517184,
        55517184,
        55517184,
        55517184,
        55517184,
        55517184,
        55517184,
        55517184,
        55517184,
        55517184,
        55517184,
        55517184,
        55517184,
        55517184,
        55517184,
        55517184,
        55517184,
        55517184,
        55517184,
        55517184,
        55517184,
        55517184,
        55517184,
        55517184,
        55517184,
        55517184,
        55517184
      ],
      "exit_codes": [
        0,
        0,
        0,
        0,
        0,
        0,
        0,
        0,
        0,
        0,
        0,
        0,
        0,
        0,
        0,
        0,
        0,
        0,
        0,
        0,
        0,
        0,
        0,
        0,
        0,
        0,
        0,
        0,
        0,
        0,
        0,
        0,
        0,
        0,
        0,
        0
      ]
    },
    {
      "command": "./bin/swc files/typescript.js",
      "mean": 0.1634700879466667,
      "stddev": 0.0009537772193954257,
      "median": 0.16353793128,
      "user": 0.11614186000000003,
      "system": 0.0472472,
      "min": 0.16178290778,
      "max": 0.16547683978,
      "times": [
        0.16217859878000002,
        0.16426991178,
        0.16381859678000002,
        0.16293641678,
        0.16333884878000002,
        0.16360067878,
        0.16459312578000002,
        0.16547683978,
        0.16347518378,
        0.16400345278,
        0.16313125078000001,
        0.16225663378000002,
        0.16402850878,
        0.16386185678,
        0.16439342178000002,
        0.16178290778,
        0.16246790978,
        0.16284743978000002
      ],
      "memory_usage_byte": [
        94121984,
        94121984,
        94121984,
        94121984,
        94121984,
        94121984,
        94121984,
        94121984,
        94121984,
        94121984,
        94121984,
        94121984,
        94121984,
        94121984,
        94121984,
        94121984,
        94121984,
        94121984
      ],
      "exit_codes": [
        0,
        0,
        0,
        0,
        0,
        0,
        0,
        0,
        0,
        0,
        0,
        0,
        0,
        0,
        0,
        0,
        0,
        0
      ]
    },
    {
      "command": "./bin/jam files/typescript.js",
      "mean": 0.19076549491333333,
      "stddev": 0.0010513417922006633,
      "median": 0.19058419578000002,
      "user": 0.10151922666666667,
      "system": 0.08915049999999997,
      "min": 0.18891386378,
      "max": 0.19263066878000001,
      "times": [
        0.19046072778,
        0.18891386378,
        0.19044591978,
        0.18954233878,
        0.19128737478000002,
        0.19191715178000002,
        0.18970670678,
        0.19186417278,
        0.19058419578000002,
        0.19152549978,
        0.19263066878000001,
        0.19011608278,
        0.19182365678000002,
        0.18987298778,
        0.19079107578
      ],
      "memory_usage_byte": [
        194535424,
        194535424,
        194535424,
        194535424,
        194535424,
        194535424,
        194535424,
        194535424,
        194535424,
        194535424,
        194535424,
        194535424,
        194535424,
        194535424,
        194535424
      ],
      "exit_codes": [
        0,
        0,
        0,
        0,
        0,
        0,
        0,
        0,
        0,
        0,
        0,
        0,
        0,
        0,
        0
      ]
    }
  ]
}
