{
  "results": [
    {
      "command": "./bin/yuku_typescript",
      "mean": 0.030548380155555558,
      "stddev": 0.0003745450892065535,
      "median": 0.0305863247,
      "user": 0.027984422222222225,
      "system": 0.0021474488888888884,
      "min": 0.029722616700000003,
      "max": 0.0324784507,
      "times": [
        0.0306643257,
        0.0312995337,
        0.031189116700000005,
        0.0307829087,
        0.0306755337,
        0.030465074700000004,
        0.030845241700000005,
        0.030750366700000004,
        0.030634408700000004,
        0.030702658700000003,
        0.0305961587,
        0.030913032700000002,
        0.0306273247,
        0.0308736997,
        0.030082282700000004,
        0.030245658700000004,
        0.030883075700000005,
        0.030852325700000002,
        0.0308150747,
        0.030964824700000004,
        0.030026491700000005,
        0.0302001587,
        0.030947241700000003,
        0.030245408700000004,
        0.029722616700000003,
        0.030355199700000002,
        0.030256324700000004,
        0.030471283700000004,
        0.0306005747,
        0.0324784507,
        0.030591199700000002,
        0.030555866700000003,
        0.030113991700000002,
        0.030465282700000006,
        0.030389574700000005,
        0.030139116700000003,
        0.030156949700000005,
        0.030034783700000005,
        0.0305844917,
        0.0306532007,
        0.0310316167,
        0.030318074700000003,
        0.030687116700000003,
        0.030615283700000002,
        0.0308974917,
        0.030589825700000003,
        0.0299662827,
        0.030393200700000005,
        0.030973407700000004,
        0.0305100337,
        0.030194366700000003,
        0.030297741700000005,
        0.030220533700000003,
        0.030330408700000006,
        0.0299377417,
        0.030458866700000004,
        0.030476991700000004,
        0.0306430757,
        0.030622491700000004,
        0.030605408700000003,
        0.030599907700000005,
        0.030974991700000003,
        0.030546074700000002,
        0.030183991700000003,
        0.0302383247,
        0.030470033700000003,
        0.030526824700000003,
        0.030452699700000002,
        0.030842408700000004,
        0.0309382837,
        0.030703366700000005,
        0.0302621587,
        0.030629199700000005,
        0.030656408700000005,
        0.030448699700000005,
        0.030529325700000005,
        0.0310163247,
        0.030632866700000004,
        0.030662782700000002,
        0.030809408700000006,
        0.030852824700000003,
        0.0304743257,
        0.0301218247,
        0.0302616587,
        0.0307696997,
        0.030173366700000002,
        0.0305741587,
        0.029818241700000005,
        0.0305881577,
        0.0299750757
      ],
      "exit_codes": [
        0,
        0,
        0,
        0,
        0,
        0,
        0,
        0,
        0,
        0,
        0,
        0,
        0,
        0,
        0,
        0,
        0,
        0,
        0,
        0,
        0,
        0,
        0,
        0,
        0,
        0,
        0,
        0,
        0,
        0,
        0,
        0,
        0,
        0,
        0,
        0,
        0,
        0,
        0,
        0,
        0,
        0,
        0,
        0,
        0,
        0,
        0,
        0,
        0,
        0,
        0,
        0,
        0,
        0,
        0,
        0,
        0,
        0,
        0,
        0,
        0,
        0,
        0,
        0,
        0,
        0,
        0,
        0,
        0,
        0,
        0,
        0,
        0,
        0,
        0,
        0,
        0,
        0,
        0,
        0,
        0,
        0,
        0,
        0,
        0,
        0,
        0,
        0,
        0,
        0
      ]
    },
    {
      "command": "./bin/oxc_typescript",
      "mean": 0.028215697916494843,
      "stddev": 0.000289070055301307,
      "median": 0.028206241700000002,
      "user": 0.024721685567010303,
      "system": 0.002900305360824742,
      "min": 0.0274400337,
      "max": 0.0288419497,
      "times": [
        0.028316741700000002,
        0.0283616577,
        0.027870991700000004,
        0.0279862007,
        0.028259782700000003,
        0.028425116700000003,
        0.028452199700000003,
        0.028489783700000004,
        0.028689283700000005,
        0.028444699700000003,
        0.028162741700000004,
        0.0277231167,
        0.0282734497,
        0.0288419497,
        0.0283162417,
        0.027836241700000004,
        0.028505408700000002,
        0.028438366700000002,
        0.0282025337,
        0.027626991700000002,
        0.027728741700000004,
        0.027942907700000002,
        0.027953282700000002,
        0.0282439087,
        0.0278431997,
        0.028170450700000002,
        0.028667533700000004,
        0.028053366700000002,
        0.027581491700000002,
        0.0282476587,
        0.027793491700000002,
        0.027951824700000003,
        0.0282152417,
        0.028091491700000002,
        0.028167491700000002,
        0.028121199700000002,
        0.028188324700000003,
        0.0280670337,
        0.028408366700000003,
        0.028173074700000002,
        0.027948449700000003,
        0.028465158700000003,
        0.028502033700000002,
        0.027832408700000002,
        0.028233283700000004,
        0.028104324700000002,
        0.0283075337,
        0.028051283700000002,
        0.0280643247,
        0.028722241700000005,
        0.028002032700000002,
        0.0286050327,
        0.028296825700000004,
        0.0280627417,
        0.027910033700000003,
        0.028118158700000003,
        0.028386116700000002,
        0.028289491700000002,
        0.0281979917,
        0.0283299917,
        0.028522450700000004,
        0.0280761167,
        0.028416658700000003,
        0.0278199917,
        0.0278543667,
        0.028110283700000002,
        0.028202950700000003,
        0.0280753247,
        0.028055199700000002,
        0.028195866700000002,
        0.0274400337,
        0.028206241700000002,
        0.028661241700000003,
        0.0284695327,
        0.028507449700000003,
        0.0282053667,
        0.028160700700000003,
        0.027693491700000003,
        0.0287382837,
        0.028287032700000003,
        0.028017283700000003,
        0.028086366700000004,
        0.0283299917,
        0.028480200700000003,
        0.028600449700000002,
        0.0284569497,
        0.028286491700000003,
        0.028300991700000003,
        0.0284919507,
        0.0284161167,
        0.028397450700000004,
        0.028813283700000004,
        0.0283471167,
        0.028602908700000002,
        0.028591741700000003,
        0.0281126587,
        0.0276291167
      ],
      "exit_codes": [
        0,
        0,
        0,
        0,
        0,
        0,
        0,
        0,
        0,
        0,
        0,
        0,
        0,
        0,
        0,
        0,
        0,
        0,
        0,
        0,
        0,
        0,
        0,
        0,
        0,
        0,
        0,
        0,
        0,
        0,
        0,
        0,
        0,
        0,
        0,
        0,
        0,
        0,
        0,
        0,
        0,
        0,
        0,
        0,
        0,
        0,
        0,
        0,
        0,
        0,
        0,
        0,
        0,
        0,
        0,
        0,
        0,
        0,
        0,
        0,
        0,
        0,
        0,
        0,
        0,
        0,
        0,
        0,
        0,
        0,
        0,
        0,
        0,
        0,
        0,
        0,
        0,
        0,
        0,
        0,
        0,
        0,
        0,
        0,
        0,
        0,
        0,
        0,
        0,
        0,
        0,
        0,
        0,
        0,
        0,
        0,
        0
      ]
    },
    {
      "command": "./bin/swc_typescript",
      "mean": 0.056376930000000006,
      "stddev": 0.0004127408486241079,